sequence,half_life,is_mod,modifications,experimental_characteristics
AACEVAKNLNESLIDLQELGKYEQYIKW,>10 hour,False,,E_coli
ACFPWGKEYCGGK,>10 hour,False,,E_coli
ACFPWGNQWCGGK,>10 hour,False,,E_coli
AWDFGSLGGVFTSIGKALHQVFGAIYGAA,>20 hour,False,,Yeast
DISGINASVVNIQKEIDRLNEVAKNLNESLIDLQELGKYE,>10 hour,False,,E_coli
EAIIRILQQLLFIHFRIGRRRRRRRR,>10 hour,True,"Acetylation, Amidation",E_coli
ELDSFKEELDKYFKNHTSPDVDLGDISGINASVVNIQKEIDRLNEVAKNLNESLIDLQELGKYEQYIK,>10 hour,False,,E_coli
EWDREINNYTSLIHSLIEESQXQQEKNEQELLELDKWASLW,>10 hour,False,,E_coli
EWDREINNYTSLIHSLIEEXQNQQEKNEQELLELDKWASLW,>10 hour,False,,E_coli
EWDREINNYTSLIHSLIXESQNQQEKNEQELLELDKWASLW,>10 hour,False,,E_coli
EWDREINNYTXLIHSLIEESQNQQEKNEQELLELDKWASLW,>10 hour,False,,E_coli
EWDXEINNYTSLIHSLIEESQNQQEKNEQELLELDKWASLW,>10 hour,False,,E_coli
GFKRIVQRIKDFLRNLV,>20 hour,False,,Yeast
GKRKSXAX,>10 hour,True,"No specific N-terminal, No specific C-terminal",E_coli
GKRKSXCA,>20 hour,True,"No specific N-terminal, No specific C-terminal",Yeast
GVFVFNGTSWFITQRNFFS,>20 hour,False,,Yeast
GYFVQDDGEWKFTGSSYYY,>20 hour,False,,Yeast
NGAICWGPCPTAFRQIGNCGRFRVRCCRIR,>10 hour,False,,E_coli
PACQDFLGAMIHLKAKTNISIR,>20 hour,False,,Yeast
PAETGQET,>20 hour,True, Amidation,Mammalian
PDAVYLHRIDLGPPISLERLDVGTNLGNAIAKLED,>20 hour,True,"Acetylation, Amidation",Yeast
PDIVIYQYMDDLYVGSDLEI,>20 hour,False,,Mammalian
PDYLLVPEEVMEYKPRRKRAAI,>20 hour,False,,Mammalian
PEDQFNVALDQVFESIENSQALVDQSNRILSSAEKGNTG,>20 hour,False,,Mammalian
PEVFLM,>20 hour,False,,Yeast
PFDFWRGVISLTPLLVCV,>20 hour,False,,Yeast
PFVFLE,>20 hour,False,,Mammalian
PFVFLM,>20 hour,False,,Yeast
PFVFLR,>20 hour,False,,Yeast
PFVYLI,>20 hour,False,,Mammalian
PGGETARKDKFLHMVLPRRL,>20 hour,False,,Yeast
PGIWQLDCTHLEGKI,>20 hour,False,,Yeast
PHSCN,>20 hour,True,"Acylation, Amidation",Yeast
PIDISIELNKAKSDLEESKEWIRRSNQKLDSIGNW,>20 hour,True,"Acetylation, Amidation",Yeast
PISLERLDVGTNLGNAIAKLEDAKELLESSDQILR,>20 hour,True,"Acetylation, Amidation",Mammalian
PITHWSHGQNRWPLSCPQ,>20 hour,False,,Yeast
PKEELDKYFKNHTSPDVDLGDISGINASVVNIQKEIDRLNEVAKNLNESLIDLQELGKYE,>20 hour,False,,Yeast
PKEELDKYFKNHTSPDVDLGLGDISGINASVVNIQKEIDRLNEVAKNLNESLIDLQELGKYE,>20 hour,False,,Mammalian
PKRKSXSF,>20 hour,True,"No specific N-terminal, No specific C-terminal",Yeast
PLVFPSDEFDASISQVNEKINQSLAFIRKSDELLH,>20 hour,True,"Acetylation, Amidation",Yeast
PNDITLNNSVALDPIDISIELNKAKSDLEESKEWI,>20 hour,True,"Acetylation, Amidation",Mammalian
PNGPWVWVPAFCQAVGWGDP,>20 hour,False,,Yeast
PNLTCAVACELKWESEFR,>20 hour,False,,Yeast
PNQTCMWNTSQIQDPEIPKC,>20 hour,False,,Yeast
PPISLERLDVGTNLGNAIAKLEDAKELLESSDQIL,>20 hour,True,"Acetylation, Amidation",Yeast
PPLPSVTKLTEDRWN,>20 hour,False,,Mammalian
PPSAVCNYEVAEDPSYVREH,>20 hour,False,,Mammalian
PPVYTKDVDISSQISSMNQSLQQSKDYIKEAQKILDTVNPSL,>20 hour,False,,Mammalian
PQMELRRNGRQCGMSEKEEE,>20 hour,False,,Yeast
PSDEFDASISQVNEKINQSLAFIRKSDELLHNVNA,>20 hour,True,"Acetylation, Amidation",Yeast
PTGERVWDRGNVTLLCDCPN,>20 hour,False,,Yeast
PTLLFLKVPAQNAISTTFPYT,>20 hour,False,,Yeast
PVDCTMYSNKMYNCSLQNGF,>20 hour,False,,Mammalian
PVLQPALSLSCGPEPLLLSC,>20 hour,False,,Mammalian
PVPNLTCAVACELKWESE,>20 hour,False,,Mammalian
PWLKPGDLDL,>20 hour,False,,Mammalian
PXTXXLPX,>20 hour,True,Pyruvoyl,Mammalian
