id.pdb,seq,name,nter,cter,lin_cyc,chiral,chem_mod,Half-life in seconds
1003.pdb,RRWQWR,Lfc1,Free,Free,Linear,L,,1800.0
1009.pdb,RRWQWR,Lfc2,Free,Amidation,Linear,L,,1800.0
1015.pdb,RRWQWR,Lfc3,Acetylation,Free,Linear,L,,3600.0
1021.pdb,RRWQWR,Lfc4,Acetylation,Amidation,Linear,L,,5400.0
1033.pdb,CRRWQWRC,Lfc6,Free,Amidation,Cyclic (C1-C8),L,,5400.0
1036.pdb,CRRWWRFC,Com6,Free,Amidation,Cyclic (C1-C8),L,,23400.0
1042.pdb,CRRWWRFC,Com7,Acetylation,Amidation,Cyclic (C1-C8),L,,23400.0
1048.pdb,CRRWQWRMKKLGC,Lfc9,Free,Amidation,Cyclic (C1-C13),L,,6600.0
1066.pdb,DAEFRHDSGYEVHHQKLVFFAEDVGSNKGAIIGLMVGGVV,Aβ(1– 40),Free,Free,Linear,L,,144.0
1067.pdb,DAEFRHDSGYEVHHQKLVFFAEDVGSNKGAIIGLMVGGVVIA,Aβ(1– 42),Free,Free,Linear,L,,168.0
1077.pdb,GVQLDLDEAI,Synthetic peptide,Free,Free,Linear,L,,4800.0
1078.pdb,PINPRLDG,Control peptide,Free,Free,Linear,L,,900.0
1079.pdb,DGEQLADLIV,Control peptide,Free,Free,Linear,L,,900.0
1085.pdb,RQIKIWFQNRRMKWKKNELKRAFAALRDQI,"Int-H1-S6A,F8A",Free,Free,Linear,L,,26244.0
1087.pdb,SPKMMHKSGCFGRRLDRIGSLSGLGCNVLRKY,BNP-32,Free,Free,Linear,L,,94.2
1094.pdb,LPFFD,iAβ5p-C1,Free,Amidation,Linear,L,,300.0
1097.pdb,LPFFD,iAβ5p,Free,Free,Linear,L,,900.0
1107.pdb,H-Abu-EGTFTSDVSSYLEGQAAKEFIAWLVKGR,(Abu8)GLP-1,Free,Free,Linear,L,2-aminobutyric acid (Abu),43200.0
1109.pdb,Y-Abu-EGTFISDYSIAMDKIHQQDFVNWLLAQKGKKNDWKHNITQ,(Abu2)GIP,Free,Free,Linear,L,2-aminobutyric acid (Abu),25560.0
1111.pdb,YAEGTFISDYSIAMDKIHQQDFVNWLLAQKGKKNDWKHNITQ,GIP,Free,Free,Linear,L,,43200.0
1169.pdb,KKVVFKVKFK,KSL,Free,Free,Linear,L,,360.0
1176.pdb,kKVVFKVKFk,KSL7,Free,Free,Linear,Mix,,1320.0
1181.pdb,TaLIDNNATEEILY,TX14(A),Free,Free,Linear,Mix,,252.0
1182.pdb,TaIIDNNKTEKEISY,TX15-2,Free,Free,Linear,Mix,,150.0
1191.pdb,SPTLAYAVP,Human thyrotropin-releasing hormone (TRH)-associated peptide 3 (hTAP-3),Free,Free,Linear,L,,210.0
1215.pdb,H-Aib-EGTFTSDVSSYLEGQAAKEFIAWLVKGR,[Aib8]hGLP-1(7-36)NH2,Free,Amidation,Linear,L,Aib--Aminoisobutyric acid,43560.0
1216.pdb,HAEGTFTSDVSSYLEGQAAKEFIAWLVK-Aib-R,[Aib35]hGLP-1(7-36)NH2,Free,Amidation,Linear,L,Aib--Aminoisobutyric acid,66240.0
1218.pdb,VRRADRAAVPGGGGRG,HM-3,Free,Free,Linear,L,,1110.0
1243.pdb,MLTKFETKSARVKGLSFHPKRPWIL,Xenin,Free,Free,Linear,L,,9720.0
1247.pdb,HGEGTFTSDLSKQLEEEAVRLFIEWLKNGGPSSGAPPPS,AC3174,Free,Amidation,Linear,L,,2580.0
1250.pdb,FVPIFTYGELQREHQRVQQRKESKKPPAKLQPR,Motilin(1–12)ghrelin(8–28),Free,Free,Linear,L,,666.0
1252.pdb,FVPIFTYGELQRVQQRKESKKPPAKLQPR,Motilin(1–12)ghrelin(12–28),Free,Free,Linear,L,,534.0
1253.pdb,FVPIFTYGELQRQRKESKKPPAKLQPR,Motilin(1–12)ghrelin(14–28),Free,Free,Linear,L,,480.0
1254.pdb,FVPIFTYGELQRKESKKPPAKLQPR,Motilin(1–12)ghrelin(16–28),Free,Free,Linear,L,,564.0
1255.pdb,FVPIFTYGELQRSKKPPAKLQPR,Motilin(1–12)ghrelin(18–28),Free,Free,Linear,L,,318.0
1256.pdb,FVPIFTYGELQRKKPPAKLQPR,Motilin(1–12)ghrelin(19–28),Free,Free,Linear,L,,360.0
1258.pdb,FVPIFTYGELQRVQQRKESKKPPAK,Motilin(1–12)ghrelin(12–24),Free,Free,Linear,L,,348.0
1259.pdb,FVPIFTYGELQRVQQRKESKKPP,Motilin(1–12)ghrelin(12–22),Free,Free,Linear,L,,378.0
1260.pdb,FVPIFTYGELQRVQQRKESKK,Motilin(1–12)ghrelin(12–20),Free,Free,Linear,L,,420.0
1261.pdb,FVPIFTYGELQRVQQRKES,Motilin(1–12)ghrelin(12–18),Free,Free,Linear,L,,186.0
1262.pdb,FVPIFTYGELQRVQQRK,Motilin(1–12)ghrelin(12–16),Free,Free,Linear,L,,144.0
1264.pdb,HADGSFSDEMNTILDNLAARDFINWLIQTKITD,Glucagon-like peptide-2 (GLP-2),Free,Free,Linear,L,,594.0
1661.pdb,RRWRIVVIRVRR,Sub3,Free,Amidation,Linear,L,,3600.0
1663.pdb,aRRWRIVVIRVRRh,Sub3-D,Free,Amidation,Linear,Mix,,3600.0
1681.pdb,DRVYIHP,Ang-(1-7),Free,Free,Linear,L,,40.0
1687.pdb,EAEDLQVGQVELGGGPGAGSLQPLALEGSLQ,C-peptide,Free,Free,Linear,L,,2550.0
1688.pdb,SSLKQYWSSLKQSFS,C0-LAP,Free,Free,Linear,L,,18000.0
1693.pdb,GRGDS,Anti-cell adhesive pentapeptide,Free,Free,Linear,L,,480.0
1709.pdb,RLIEDICLPRWGCLWEDD,SA21,Acetylation,Amidation,Linear,L,,8280.0
1715.pdb,YIGSR,YIGSR,Free,Free,Linear,L,,60.0
1748.pdb,DNPSLSIDLTFHLLRTLLELARTQSQRERAEQNRIIFDSV,Ucn1 (urocortin 1),Free,Free,Linear,L,,3120.0
1749.pdb,ELRMSSSYPTGLADVKAGPAQTLIRPQDMKGASRSPEDSSPDAARIRV,proADM 45–92 (Adrenomedullin),Free,Free,Linear,L,,1320.0
1774.pdb,CNGRCGGK,cNGR,Acetylation,Amidation,Cyclic,L,,924.0
1777.pdb,SLRRSSCFGGRIDRIGAQSGCNSFRY,ANP,Free,Free,Linear,L,,144.0
1785.pdb,YTSLIHSLIEESQNQQEKNEQELLELDKWASLWNWF,ENF (T-20),Free,Free,Linear,L,,31680.0
1790.pdb,WQEWEQKITALLEQAQIQQEKNEYELQKLDKWASLWEWF,T-1249,Free,Free,Linear,L,,21240.0
1795.pdb,MTWMEWDREINNYTSLIHSLIEESQNQQEKNEQELL,T-651,Free,Free,Linear,L,,1080.0
1800.pdb,MTWMEWDREINNYTSLIHSLIEESQNQQEKNEQELLEL,T-2410,Free,Free,Linear,L,,4320.0
1805.pdb,TTWEAWDRAIAEYAARIEALIRASQEQQEKNEAELREL,T-290676,Free,Free,Linear,L,,4320.0
1810.pdb,TTWEAWDRAIAEYAARIEALIRAAQEQQEKNEAALREL,T-2635,Free,Free,Linear,L,,58680.0
1815.pdb,MTWEAWDRAIAEYAARIEALIRAAQEQQEKNEAALREL,T-2544,Free,Free,Linear,L,,18360.0
1820.pdb,TTWEAWDRAIAEYAARIEALIRAAQEQQEKNEAILREL,T-267209,Free,Free,Linear,L,,12240.0
1825.pdb,TTWEAWDRAIAEYAARIEALIRALQEQQEKNEAALREL,T-267221,Free,Free,Linear,L,,54720.0
1830.pdb,TTWEAWDRAIAEYAARIEALIRAAQELQEKNEAALREL,T-267226,Free,Free,Linear,L,,27360.0
1835.pdb,TTWEAWDRAIAEYAARIEALIRALQEQQEKNEAILREL,T-267225,Free,Free,Linear,L,,44640.0
1840.pdb,TTWEAWDRAIAEYAARIEALIRAAQEQQEKLEAALREL,T-267227,Free,Free,Linear,L,,64440.0
1845.pdb,TTWEAWDRAIAEYAARIEALIRAAQEQQEKLEAVLREL,T-291022,Free,Free,Linear,L,,102960.0
1850.pdb,TTWEAWDRAIAEYAARIEALIRALQELQEKNEAALREL,T-290822,Free,Free,Linear,L,,30960.0
1855.pdb,TTWEAWDRAIAEYAARIEALIRALQELQEKNEAILREL,T-290821,Free,Free,Linear,L,,34560.0
1860.pdb,TTWEAWDRAIAEYAARIEALIRAAQELQEKLEAALREL,T-267228,Free,Free,Linear,L,,110880.0
1865.pdb,TTWEAWDRAIAEYAARIEALIRALQELQEKLEAILREL,T-267229,Free,Free,Linear,L,,127440.0
1974.pdb,SPRGDLAVLGHKY,HBP-1,Free,Free,Linear,L,,3300.0
1977.pdb,IRRADRAAVPGGGGRGD,HM3,Free,Free,Linear,L,,1659.6
1987.pdb,NISHTKEKKKGKAKKKRLTK,N-WASP181-200,Free,Free,Linear,L,,162.0
1990.pdb,YGRKKRRQRRR,TATp,Free,Free,Linear,L,,24000.0
1993.pdb,HSQGTFTSDYSKYLDSRRAQDFVQWLMNTKRNRNNIA,Oxm,Free,Free,Linear,L,,36000.0
1994.pdb,LEQYANQLADQIIKEATE,RIAD,Free,Free,Linear,L,,5400.0
2006.pdb,HSDGTFTSDLSKQMEEEAVRLFIEWLKNGGPSSGAPPPS,Exendin 3,Free,Free,Linear,L,Radiolabelling of exendin 3 at position 1 (histidine),6480.0
2010.pdb,KPSSPPEE,Å6,Acetylation,Amidation,Linear,L,,7200.0
2013.pdb,HSDGIFTDSYSRYRKQMAVKKYLAAVLGKRYKQRVKNK,PACAP38,Free,Amidation,Linear,L,,258.0
2020.pdb,HSDGIFTDSYSRYRKQMAVKAYLAAVLGKRYKQRVKNK,[Ala21]PACAP38,Free,Amidation,Linear,L,,396.0
2028.pdb,HSDGIFTDSYSRYRKQMAVKKYLAAVL,PACAP27,Free,Amidation,Linear,L,,7200.0
2051.pdb,NPVENMMDRDSQ,C6,Free,Free,Linear,L,,43200.0
2059.pdb,HAECTFTSDVSSYLEGQAAKEFIAWLCKGRGCPSSGAPPPSGGGGG,GLP715a,Free,Free,Linear,L,,172800.0
2060.pdb,DRQIKIWFQNRRMKWKKRKIPTEDEY,TRAF6 Inhibitory peptide,Free,Free,Linear,L,,18288.0
2068.pdb,MAPRGFSCLLLLTGEIDLPVKRRA,HNG ( substitution at position 14 (Gly for Ser) in HN seq),Free,Free,Linear,L,,1800.0
2070.pdb,YRWYGYTPQNVIGGGKLlLKlLkkLLKlLKKK,EGFR2R-lytic peptide-gelatin complex,Free,Free,Linear,Mix,,1158.0
2077.pdb,KPTFRRLKWK,LL:36–45,Free,Free,Linear,L,,1020.0
2078.pdb,GCTFRRLKWKCG,LALF-10 (38–45),Free,Free,Cyclic (C2-C11),L,,4620.0
2079.pdb,GCKPTFRRLKWKYKCG,LALF-14 (36–47),Free,Free,Cyclic (C2-C15),L,,5040.0
2081.pdb,HSQGTFTSDYSKYLDSRRAQDFVQWLMNT,Glucagon,Free,Free,Linear,L,,600.0
2090.pdb,ALAGIGILTV,"[βAl, amide] -Melan-A",Beta-Alanine1,Amidation,Linear,L,,39600.0
2094.pdb,DLAGIGILTV,"[βDl, amide] -Melan-A",Beta-Asp1,Amidation,Linear,L,,43200.0
2107.pdb,FVPIFTYGELQRMQEKERNKGQ,Motilin,Free,Free,Linear,L,,195.6
2108.pdb,FVPIFTYGELQRSPEHQRVQQRKESKKPPAKLQPR,Chimeric Motilin A,Free,Free,Linear,L,,704.4
2109.pdb,FVPIFTYGELQREHQRVQQQRKESKKPPAKLQPR,Chimeric Motilin B,Free,Free,Linear,L,,668.4
2114.pdb,FVPIFTYGELQRQRVQQRKESKKPPAKLQPR,Chimeric Motilin G,Free,Free,Linear,L,,315.0
2115.pdb,FVPIFTYGELQRVQQRKESKKPPAKLQ,Chimeric Motilin H,Free,Free,Linear,L,,625.8
2116.pdb,FVPIFTYGELQRQRVQQRKESKKPPAK,Chimeric Motilin I,Free,Free,Linear,L,,345.6
2117.pdb,FVPIFTYGELQRQRVQQRKESKKPP,Chimeric Motilin J,Free,Free,Linear,L,,380.4
2118.pdb,FVPIFTYGELQRQRVQQRKESKK,Chimeric Motilin K,Free,Free,Linear,L,,368.4
2119.pdb,FVPIFTYGELQRQRVQQRKES,Chimeric Motilin L,Free,Free,Linear,L,,293.4
2120.pdb,FVPIFTYGELQRQRVQQRK,Chimeric Motilin M,Free,Free,Linear,L,,143.4
2121.pdb,FVPIFTYGELQRVQQRKEKKPPAKLQPR,Chimeric Motilin N,Free,Free,Linear,L,,547.2
2122.pdb,FVPIFTYGELQRVQQRKEFKKPPAKLQPR,Chimeric Motilin O,Free,Free,Linear,L,,463.8
2123.pdb,FVPIFTYGELQRVQQRKETKKPPAKLQPR,Chimeric Motilin P,Free,Free,Linear,L,,580.2
2124.pdb,FVPIFTYGELQRVQQRKEPKKPPAKLQPR,Chimeric Motilin Q,Free,Free,Linear,L,,579.0
2125.pdb,FVPIFTYGELQRVQQRKELKKPPAKLQPR,Chimeric Motilin R,Free,Free,Linear,L,,547.8
2126.pdb,FVPIFTYGELQRVQQRKEAKKPPAKLQPR,Chimeric Motilin S,Free,Free,Linear,L,,557.4
2127.pdb,FVPIFTYGELORVQQRKNSKKPPAKLQPR,Chimeric Motilin T,Free,Free,Linear,L,Ornithine,328.2
2128.pdb,FVPIFTYGELQRVQQRKQSKKPPAKLQPR,Chimeric Motilin U,Free,Free,Linear,L,,339.6
2129.pdb,FVPIFTYGELQRVQQRKDSKKPPAKLQPR,Chimeric Motilin V,Free,Free,Linear,L,,608.4
2130.pdb,FVPIFTYGELQRVQQRKKKPPAKLQPR,Chimeric Motilin W,Free,Free,Linear,L,,323.4
2131.pdb,FVPIFTYGELQRVQQKRDSRRPPAKLQPR,Chimeric Motilin X,Free,Free,Linear,L,,473.4
2132.pdb,FVPIFTYGELQRVQQKKSEKRPPAKLQPR,Chimeric Motilin Y,Free,Free,Linear,L,,696.0
2133.pdb,FVPIFTYGELQRVQQRKGESKKPPAKLQPR,Chimeric Motilin Z,Free,Free,Linear,L,,631.8
2134.pdb,FVPIFTYGELQRQQRKESGKKPPAKLQPR,Chimeric Motilin-i,Free,Free,Linear,L,,693.0
2136.pdb,FVPIFTYGELQRVQQRKGGESKKPPAKLQPR,Chimeric Motilin-iii,Free,Free,Linear,L,,639.0
2137.pdb,FVPIFTYGELQRVQQRKESKKAKLQPR,Chimeric Motilin-iv,Free,Free,Linear,L,,463.8
2138.pdb,FVPIFTYGELQRVQQRKESKKAKLAALKA,Chimeric Motilin-v,Free,Free,Linear,L,,536.4
2139.pdb,FVPIFTYGELQRVQQRKESKKPPAKLAALKA,Chimeric Motilin-vi,Free,Free,Linear,L,,596.4
2140.pdb,FVPIFTYGELQRVQQRKESKKPPAELAALEA,Chimeric Motilin-vii,Free,Free,Linear,L,,766.8
2141.pdb,FVPIFTYGELQRVQQRKESKKPPAELAALKA,Chimeric Motilin-viii,Free,Free,Linear,L,,693.6
2142.pdb,FVPIFTYGELQRVQQRKESKKMITIR,Chimeric Motilin-ix,Free,Free,Linear,L,,263.4
2143.pdb,FVPIFTYGELQRVQQRKESKKPPMITIR,Chimeric Motilin-x,Free,Free,Linear,L,,315.0
2144.pdb,FVPIFTYGELQRKESKKPAKLAALKA,Chimeric Motilin-xi,Free,Free,Linear,L,,617.4
2145.pdb,FVPIFTYGELQRVQQKKAYSPDKERKPPALQPR,Chimeric Motilin-xii,Free,Free,Linear,L,,781.8
2146.pdb,FVPIFTYGELQRVQQKKAYSPDKERKPPAKLQPR,Chimeric Motilin-xiii,Free,Free,Linear,L,,785.4
2152.pdb,CFGGRMDRIGAQSGLGCNSFRYVQQRKESKKPPAKLQPR,Chimeric ANP-A,Free,Free,Cyclic (C1-C17),L,,2784.0
2153.pdb,VQQRKESKKPPAKLQPRCFGGRMDRIGAQSGLGCNSFRY,Chimeric ANP-B,Free,Free,Cyclic (C18-C34),L,,3438.0
2154.pdb,RPQLKAPPKKSEKRQQVCFGGRMDRIGAQSGLGCNSFRY,Chimeric ANP-C,Free,Free,Cyclic (C18-C34),L,,2268.0
2161.pdb,CFGLKLDRIGSMSGLGCVQQRKESKKPPAKLQPR,Chimeric CNP-C,Free,Free,Cyclic (C1-C17),L,,901.8
2162.pdb,GLSKGFGLKLDRISMSGLGCVQQRKESKKPPAKLQPR,Chimeric CNP-D,Free,Free,Cyclic (C6-C22),L,,1218.0
2165.pdb,VQQRKESKKPPAKLQPRCFGLKLDRIGSMSGLGC,Chimeric CNP-G,Free,Free,Cyclic (C18-C34),L,,1065.0
2166.pdb,RPQLKAPPKKSEKRQQVCFGLKLDRIGSMSGLGC,Chimeric CNP-H,Free,Free,Cyclic (C18-C34),L,,891.6
2167.pdb,CFGLKLDRIGSMSGLGCVQQRKESKKPPAKLQPR,Chimeric CNP-I,Free,Amidation,Cyclic (C1-C17),L,,870.0
2168.pdb,GLSKGCFGLKLDRIGSMSGLGCVQQRKDSKKPPAKLQPR,Chimeric CNP-J,Free,Free,Cyclic (C6-C22),L,,1874.4
2169.pdb,CFGLKLDRIGSMSGLGCAGSVDHKGKQRKWDHPKR,Chimeric CNP-K,Free,Free,Cyclic (C1-C17),L,,1081.8
2175.pdb,HGDGSFSDEMNTILDNLAARDFINWLIQTLITD,Derivative of Glucagon Like Peptide-2 (GLP-2),Free,Amidation,Linear,L,,3240.0
2180.pdb,YGGFLRRIRPK,Modified Dynorphin (1-13),Free,Addition of hydroxyl group,Linear,L,,600.0
2181.pdb,YGGFLRRIRPK,Modified Dynorphin(1-13),Free,Amidation,Linear,L,,1800.0
2182.pdb,VKFNKPFVFLMIEQNTK,SP16,Free,Free,Linear,L,,6840.0
2183.pdb,KGCRFGTCTVQKLAHQIYQFTDKDKDNVAPRSKISPQGY,Intermedin or adrenomedullin peptide,Free,Free,Linear,L,,5400.0
2184.pdb,K-Sar-htrGtf,Peptide-B,Free,Amidation,Linear,Mix,Sar= sarcosine,66960.0
2206.pdb,SEEPPISLDLTFHLLREVLEMARAEQLAQQAHSNRKLMEII,Human Corticotropic releasing factor (hCRF),Free,Free,Linear,L,,4326.0
2215.pdb,WQEWEQKITALLEQAQIQQEKNEYELQKLDKWASLWEWF,T1249,Acetylation,Amidation,Linear,L,,19980.0
2219.pdb,ELYENKPRRPYIL,Neurotensin,Free,Free,Linear,L,,354.0
2265.pdb,HADGVFTSDFSRLLGQLSAKKYLESLI,Peptide histidine isoleucine,Free,Free,Linear,L,,186.0
2276.pdb,TSEKSQTPLVTL,DEγE (Des-Enkephalin-γ-Endorphin) (β-endorphin-(6--17)),Free,Free,Linear,L,,36.0
2279.pdb,SANSNPAMAPRERKAGCKNFFWKTFTSC,Somatostatin 28,Free,Free,Cyclic (C17-C28),L,,168.0
2283.pdb,SSCFGGRIDRIGAQSGLGCNSFRY,Atriopeptin 3,Free,Free,Cyclic (C3-C19),L,I125 radiolabeled,150.0
2286.pdb,YMGWMDF,CCK7 (Cholecystokinin-7),Free,Amidation,Linear,L,,150.0
2289.pdb,DYMGWMDF,CCK8 (Cholecystokinin-8),Free,Amidation,Linear,L,,300.0
2295.pdb,YAFGYPS,Dermorphin,Free,Free,Linear,L,I125 radiolabeled,78.0
2302.pdb,SQEPPISLDLTFHLLREVLEMTKADQLAQQAHSNRKLLDIA,Ovine corticotropic releasing factor,Free,Free,Linear,L,,696.0
2317.pdb,ADSGEGDFLAEGGGVR,Human Fibrinopeptide A (FPA),Free,Free,Linear,L,,5400.0
2322.pdb,VPLPAGGGTVLTKMYPRGNHWAVGHLM,Gastrin releasing peptide,Free,Free,Linear,L,,168.0
2363.pdb,rPKPfQwFwLL,"[D-Arg1,D-Phe5,D-Trp7,9,Leu11]Substance P",Free,Amidation,Linear,Mix,,2754.0
2370.pdb,VVVPP,Cemadotin-HCl,Free,Free,Linear,L,,36000.0
2374.pdb,DPLPEF,Enkephalin,Free,Amidation,Linear,L,,1800.0
2387.pdb,HSDAVFTDNYTRLRKQMAVKKYLNSILN,Vasoactive intestinal peptide,Free,Free,Linear,L,I125 radiolabeling,37.2
2390.pdb,MEPLGWQLTSGPNQEQVSPLTLLK,Alpha 2-antiplasmin (α2AP ),Free,Free,Linear,L,I125 radiolabeling,1140.0
2403.pdb,CSCSSLMDKECVYFCHLDIIW,Endothelin 1 (ET-l),Free,Free,Linear,L,Labelled with I125,40.0
2413.pdb,FCFWKTCT,Octreotide,Free,Free,Cyclic (C2-C7),L,,6780.0
2457.pdb,GWTLNSAGYLLGPHAVGNHRSFSDKNGLTS,Galanin,Free,Free,Linear,L,,222.0
2464.pdb,YEPGKSSILQHERPVTKPQA,C-20 Sorbin,Free,Amidation,Linear,L,,570.0
2465.pdb,YEPGKSS,C-7 Sorbin,Free,Amidation,Linear,L,,450.0
2475.pdb,fCFwKTCT,Octreotide,Free,Hydroxylation,Cyclic (C2-C7),Mix,,5400.0
2508.pdb,VGDGGLFEKKL,Peptide 6,Acetylation,Amidation,Linear,L,,21600.0
2509.pdb,YTSLIHSLIEESQNQQEKNEQELLELDKWASLWNWF,Enfuvirtide,Acetylation,Free,Linear,L,"19 residue is N15 labelled, also have 13C carbon",10080.0
2514.pdb,AKPEAPGEDASPEELSRYYASLRHYLNLVTRQRY,Porcine PYY (Peptide YY),Free,Amidation,Linear,L,,900.0
2567.pdb,HDEFERHAEGTFTSDVSSYLEGQAAKEFIAWLVKGRG,Glucagon like peptide-1 (GLP-1),Free,Free,Linear,L,,300.0
2568.pdb,YRGDS,RGD containing peptide,Free,Free,Linear,L,,30.0
2573.pdb,CYFQNCPRG,"Vasopressin, 8-L-Arginine",Free,Free,Cyclic (C1-C6),L,I125 labeling,63.6
2618.pdb,FPESKATNATLDPRPGGGGNGDFEEIPEEYLQ,HLP(Hirulog-like peptide),Free,Free,Linear,L,I125 labeling,513.6
2625.pdb,FGGFTGARKSARKLANQ,N/OFQ (Nociceptin/Orphanin FQ peptide receptor),Free,Free,Linear,L,,3840.0
2639.pdb,VDKPPYLPRPRPPRRIYNR,O-1(Oncocin),Free,Amidation,Linear,L,,1500.0
2640.pdb,VDKPPYLPRPRPPRRIYN,O-2 (Oncocin),Free,Free,Linear,L,,7200.0
2641.pdb,VDKPPYLPRPRPPRRIYNN,O-4 (Oncocin),Free,Amidation,Linear,L,,7200.0
2642.pdb,VDKPPYLPRPRPPRRIYNH,O-5 (Oncocin),Free,Amidation,Linear,L,,5400.0
2643.pdb,VDKPPYLPRPRPPRRIYN-Orn,O-6 (Oncocin),Free,Amidation,Linear,L,Orn=Ornithine,12600.0
2646.pdb,VDKPPYLPRPRPPRRIYN-Nmr,O-9 (Oncocin),Free,Amidation,Linear,L,Nmr =N-methylarginine,4740.0
2648.pdb,VDKPPYLPRPRPPRRIYNr,O-11 (Oncocin),Free,Amidation,Linear,Mix,D-Arg at 19th position,9600.0
2650.pdb,VDKPPYLPRPRPPR-Orn-IYNR,O-14 (Oncocin),Free,Amidation,Linear,L,orn =Ornithine,5400.0
2652.pdb,VDKPPYLPRPRPPRrIYNR,O-16 (Oncocin),Free,Amidation,Linear,Mix,D-Arg at 15th position,3480.0
2659.pdb,VDKPPYLPRPRPPR-Orn-IYN-Orn,O-23(Oncocin),Free,Amidation,Linear,L,Orn=Ornithine,10560.0
2660.pdb,VDKPPYLPRPRPPRrIYNr,O-24 (Oncocin),Free,Amidation,Linear,Mix,D-Arg at 19th position,28800.0
2679.pdb,Sar-RVYIHPa,TRV027,Sar=Sarcosine,Free,Linear,Mix,D-Ala at 8th position,120.0
2688.pdb,EGTFTSDVSSYLEGQAAKEFIAWLVKGR,Gly8-GLP-1(7-36)(Glucagon Like protein-1),Free,Amidation,Linear,L,,2160.0
2709.pdb,MIFVKTLTGKTIL,SHSMP(Sadat-Habdan Mesenchymal stimulating Peptide),Free,Free,Linear,L,,5400.0
2710.pdb,PlLQAtLGGGS,P32 (Fibroblast growth factor 2- binding peptide derivative),Free,Amidation,Linear,Mix,,43200.0
2711.pdb,PLLQATL,P7 (Basic fibroblast growth factor- binding peptide),Free,Free,Linear,L,,5400.0
2716.pdb,HSDAVFTDNYTRLRKQVAAKKYLQSIKNKRY,BAY55-9837 (VPAC2 receptor agonist),Free,Free,Linear,L,,300.0
2721.pdb,MWQRPSSWIEGRFPHSDAVFTDQYTRLRKQLAAKKYLQSLKQKRY,MHDBAY (Recombinant PACAP-derived peptide),Free,Free,Linear,L,,43884.0
2725.pdb,TTWEAWDRAIAEYAARIEALLRALQEQQEKNEAALREL,TRI-1144,Acetylation,Amidation,Linear,L,,15120.0
2735.pdb,YPIKPEAPGEDASPEELNRYYASLRHYLNLVTRQRY,PYY(3-34) [Peptide YY],Free,Free,Linear,L,,216.0
2771.pdb,LLTHTISRIAVSYQTKVNLL,P16  [TNF α (75–94)],Free,Free,Linear,L,,345.6
2772.pdb,MWQRPSSWIEGRLLTHTISRIAVSYQTKVNLL,RMP-16 (Recombinant slow-release TNF α-derived peptide),Free,Free,Linear,L,,47196.0
2774.pdb,fPRPGGGGQGDFEEIPEEYL,Hirulog-1,Free,Free,Linear,Mix,,900.0
2775.pdb,fPRPGGGGQGDFEPIPEDAYDE,Peptide 1 (Hirudin mimetic peptide),Free,Amidation,Linear,Mix,,780.0
2792.pdb,CRKEVY,cTP6( Cyclic thymic hexapeptide),Free,Free,Cyclic (Amide bond between C1-Y6),L,,10620.0
2794.pdb,RKEVY,TP5(Thymopentin),Free,Free,Linear,L,,30.0
2807.pdb,SCSlPQT,(D-Leu-4)OB3,Free,Free,Linear,Mix,,2040.0
2836.pdb,SQDSAERIQERLRNSKMAHSSSCFGQKIDRIGAVSRLGCDGLRQF,iso-rANP(1-45) (Recombinant atrial natriuretic peptide),Free,Free,Cyclic (C23-C39),L,,130.0
2844.pdb,HwAWfK,GHRP (Growth Hormone releasing peptide),Free,Amidation,Linear,Mix,,1200.0
2845.pdb,aSTTTNYT,Peptide T (Dala1-peptide T-NH2),Free,Amidation,Linear,Mix,,2700.0
2863.pdb,HSDAVFTDNYTRLRKQMAVKKYLNSILN,VIP (Vasoactive intestinal peptide),Acetylation,Amidation,Linear,L,,48.0
2864.pdb,HADGVFTSDFSKLLGQLSAKKYLESLM,PHM (Peptide histidine methionine),Free,Amidation,Linear,L,,390.0
2865.pdb,HADGVFTSDFSKLLGQLSAKKYLESLMGKRVSSNISEDPVPV,PHV (Peptide histidine valine),Free,Free,Linear,L,,2250.0
2866.pdb,YADAIFTNSYRKVLGQLSARKLLQDIMSR,GRF(1-29)-NH2 (Growth regulating factor),Free,Amidation,Linear,L,,372.0
2867.pdb,YaDAIFTNSYRKVLGQLSARKLLQDIMSR,[D-Ala2]-GRF(1-29)-NH2 (Growth regulating factor),Free,Amidation,Linear,Mix,,396.0
2868.pdb,YAdAIFTNSYRKVLGQLSARKLLQDIMSR,[D-Asp3]-GRF(1-29)-NH2 (Growth regulating factor),Free,Amidation,Linear,Mix,,354.0
2869.pdb,YADAIFTnSYRKVLGQLSARKLLQDIMSR,lD-Asn8]-GRF(1-29)-NH2 (Growth regulating factor),Free,Amidation,Linear,Mix,,414.0
2870.pdb,YADAIFTNSyRKVLGQLSARKLLQDIMSR,[D-Tyr10]-GRF(1-29)-NH2 (Growth regulating factor),Free,Amidation,Linear,Mix,,282.0
2871.pdb,yaDAIFTNSYRKVLGQLSARKLLQDIMSR,"Ac-[D-Tyr1,D-AIa2]GRF(1-29)-NH2 (Growth regulating factor)",Acetylation,Amidation,Linear,Mix,,444.0
2876.pdb,SSCFGGRMDRIGAQSGLGCNSFRY,ANF (Ser103-Tyr126) (Atrial natriuretic factor ),Free,Free,Cyclic (C3-C19),L,Radioiodinated peptide at Tyr,22.0
2880.pdb,RRSSCFGGRMDRIGAQSGLGCNSFRY,rANP (Recombinant Atrial natriuretic peptide ),Free,Free,Cyclic (C5-C21),L,,270.0
2891.pdb,HSQGTFTSDYSKYLDSRRAQDFVQWLMNTKRNKNNIA,Oxyntomodulin,Free,Free,Linear,L,,720.0
2892.pdb,YGGFM,MET-enkephalin (Methionine-enkephalin),Free,Free,Linear,L,,768.0
2893.pdb,YGGFL,LEU-enkephalin (Leucine-enkephalin),Free,Free,Linear,L,,420.0
2894.pdb,ACDTATCVTHRLAGLLSRSGGVVKNNFVPTNVGSKAF,hCGRP(Human Calcitonin gene-related peptide),Free,Amidation,Cyclic (C2-C7),L,,216.0
2901.pdb,YPSKPDNPGEDAPAEDMARYYSALRHYINLITRQRY,Porcine NPY (Neuropeptide Y),Free,Amidation,Linear,L,,1200.0
2903.pdb,WAGGDASGE,DSIP (Delta sleep inducing peptide),Free,Free,Linear,L,,434.4
2904.pdb,AGGDASGE,des-Trp-DSIP,Free,Free,Linear,L,,453.0
2905.pdb,WAaGDASGE,D-Ala3-DSIP,Free,Free,Linear,Mix,,491.4
2906.pdb,WAGaDASGE,D-Ala4-DSIP,Free,Free,Linear,Mix,,774.0
2907.pdb,WAGaDASGE,D-Ala4-DSIP-NH2,Free,Amidation,Linear,Mix,,612.0
2909.pdb,YADAIFTNSYRKVLGQLSARKLLQDIMSRQQGESNQERGA,hGRF-1(1-40) (Human growth regulating factor),Free,Amidation,Linear,L,,192.0
2916.pdb,APGPR,CLAP(Prpcolipase activation peptide),Free,Free,Linear,L,,300.0
2928.pdb,DSGCFGRRLDRIGSLSGLGCNVLRRY,Porcine  125I-BNP(1-26),Free,Free,Cyclic (C4-C20),L,Tyr is Iodinated (125I),186.0
2947.pdb,CYFQNCPRG,VP (Vasopressin),Free,Amidation,Cyclic (C1-C6),L,,78.0
2949.pdb,SLRRSSCFGGRIDRIGAQSGLGCNSFRY,ANP (Atrial natriuretic peptide),Free,Free,Cyclic (C7-C23),L,,192.0
2953.pdb,AGCKNFFWKTFTSC,Somatostatin,Free,Free,Cyclic (C3-C14),L,,144.0
2956.pdb,SQDSAFRIQERLRNSKMAHSSSCFGQKIDRIGAVSRLGCDGLRLF,Rat BNP-45 ( Brain natriuretic peptide-45),Free,Free,Cyclic (C23-C39),L,,45.0
2962.pdb,GGFMTSEKSQTPLVTL,[3H-Lys9]DE-gamma-E,Free,Free,Linear,L,,72.0
2975.pdb,HDEFERHAEGTFTSDVSSYLEGQAAKEFIAWLVKGR,Truncated GLP-1(78-107),Free,Amidation,Linear,L,,684.0
2976.pdb,ACDTATCVTHRLAGLLSRSGGVVKNNFVPTNVGSKAF,CGRP(Calcitonin gene related peptide),Free,Free,Linear,L,,258.0
3010.pdb,HSDAVFTDNYTRLRKQMAVKKYLNSILN,131I-VIP (Vasoactive intestinal peptide),Free,Amidation,Linear,L,Iodinated at Tyr,26.4
3022.pdb,RRSSCFGGRIDIIGAQSGLGCNSFRY,ile 12-ANP (Atrial natriuretic peptide),Free,Free,Cyclic (C5-C21),L,,246.0
3028.pdb,SCNTATCVTHRLAGLLSRSGGVVKDNFVPTNVGSEAF,CGRP (Calcitonin gene-related peptide),Free,Amidation,Cyclic (C2-C7),L,,540.0
3032.pdb,PGDSTRKCMDLKGNK,PCK3145 (Prostate secretory protein 94 derived peptide),Free,Free,Linear,L,,3240.0
3045.pdb,VPLPAGGGTVLTKMYPRGNHWAVGHLM,Porcine gastrin releasing peptide,Free,Amidation,Linear,L,,180.0
3091.pdb,SDAAVDTSSEITTKDLKEKKEVVEEAENRKDVY,Tα1-TP5 (Thymosin α1-thymopentin),Acetylation,Free,Linear,L,,8400.0
3092.pdb,SDAAVDTSSEITTKDLKEKKEVVEEAEN,Tα1 (Thymosin α1),Acetylation,Free,Linear,L,,7620.0
3093.pdb,RKDVY,TP5 (Thymopentin),Free,Free,Linear,L,,336.0
3095.pdb,H-Aib-EGTFTSDVSSYLEGQAAKEFIAWLVK-Aib-R,Taspoglutide,Free,Amidation,Linear,L,Aib=α-aminoisobutyric acid replacing Ala8 and Gly35 of hGLP-1[7-36],35280.0
3123.pdb,YaGFlC,"DALCE [(D-Ala2, Leu5, Cys6)-enkephalin]",Free,Free,Linear,Mix,,546.0
3124.pdb,YaGFl,"DADLE [(D-Ala2, Leu5)-enkephalin]",Free,Free,Linear,Mix,,276.0
3168.pdb,RREAQNPQAGAVELGGGLGGLNALALEGPPQKRG,Procine C-Peptide,Free,Free,Linear,L,,594.0
3176.pdb,YPSKPDNPGEDAPAEDLARYYSALRHYINLITRQRY,Neuropeptide Y,Free,Amidation,Linear,L,,1260.0
3177.pdb,EAKSQGGSN,Facteur thymique serique (FTS),Free,Free,Linear,L,,150.0
3179.pdb,GCRFGTCT,ADM 15-22,Free,Free,Linear,L,,67.5
3181.pdb,FNAPFDVGIKLSGAQYQQHGRAL,Rat Obestatin,Free,Amidation,Linear,L,,1320.0
3202.pdb,FNAPFDVGIKLSGVQYQQHSQAL,Human Obestatin,Free,Amidation,Linear,L,,3906.0
DB00006.pdb,FPRPGGGGNGDFEEIPEEYL, Bivalirudin,Free,Free,Linear,L,,1500.0
DB00017.pdb,CSNLSTCVLGKLSQELHKLQTYPRTNTGSGTP,Salmon Calcitonin,Free,Free,Linear,L,,7380.0
DB00067.pdb,CYFQNCPRG,Vasopressin,Free,Amidation,Linear,L,,900.0
DB00109.pdb,YTSLIHSLIEESQNQQEKNEQELLELDKWASLWNWF,Enfuvirtide,Acetylation,Amidation,Linear,L,,13680.0
DB01278.pdb,KCNTATCATQRLANFLVHSSNNFGPILPPTNVGSNTY,Pramlintide,Free,Amidation,Cyclic (C2-C7),L,,2880.0
DB01284.pdb,SYSMEHFRWGKPVGKKRRPVKVYP,Cosyntropin,Free,Free,Linear,L,,900.0
DB01285.pdb,SYSMEHFRWGKPVGKKRRPVKVYPDGAEDQLAEAFPLEF,Corticotropin,Free,Free,Linear,L,,900.0
