id.pdb,seq,name,nter,cter,lin_cyc,chiral,chem_mod,hl in seconds,experimental_characteristics
1003.pdb,RRWQWR,Lfc1,Free,Free,Linear,L,,1800.0,mammalian blood
1066.pdb,DAEFRHDSGYEVHHQKLVFFAEDVGSNKGAIIGLMVGGVV,Aβ(1– 40),Free,Free,Linear,L,,144.0,mammalian blood
1067.pdb,DAEFRHDSGYEVHHQKLVFFAEDVGSNKGAIIGLMVGGVVIA,Aβ(1– 42),Free,Free,Linear,L,,168.0,mammalian blood
1077.pdb,GVQLDLDEAI,Synthetic peptide,Free,Free,Linear,L,,4800.0,mammalian blood
1078.pdb,PINPRLDG,Control peptide,Free,Free,Linear,L,,900.0,mammalian blood
1079.pdb,DGEQLADLIV,Control peptide,Free,Free,Linear,L,,900.0,mammalian blood
1085.pdb,RQIKIWFQNRRMKWKKNELKRAFAALRDQI,"Int-H1-S6A,F8A",Free,Free,Linear,L,,26244.0,mammalian blood
1087.pdb,SPKMMHKSGCFGRRLDRIGSLSGLGCNVLRKY,BNP-32,Free,Free,RRWQWR,L,,94.2,mammalian blood
1097.pdb,LPFFD,iAβ5p,Free,Free,Linear,L,,900.0,mammalian blood
1111.pdb,YAEGTFISDYSIAMDKIHQQDFVNWLLAQKGKKNDWKHNITQ,GIP,Free,Free,Linear,L,,43200.0,mammalian blood
1169.pdb,KKVVFKVKFK,KSL,Free,Free,Linear,L,,360.0,mammalian blood
1191.pdb,SPTLAYAVP,Human thyrotropin-releasing hormone (TRH)-associated peptide 3 (hTAP-3),Free,Free,Linear,L,,210.0,mammalian blood
1218.pdb,VRRADRAAVPGGGGRG,HM-3,Free,Free,Linear,L,,1110.0,mammalian blood
1243.pdb,MLTKFETKSARVKGLSFHPKRPWIL,Xenin,Free,Free,Linear,L,,9720.0,mammalian blood
1250.pdb,FVPIFTYGELQREHQRVQQRKESKKPPAKLQPR,Motilin(1–12)ghrelin(8–28),Free,Free,Linear,L,,666.0,mammalian blood
1252.pdb,FVPIFTYGELQRVQQRKESKKPPAKLQPR,Motilin(1–12)ghrelin(12–28),Free,Free,Linear,L,,534.0,mammalian blood
1253.pdb,FVPIFTYGELQRQRKESKKPPAKLQPR,Motilin(1–12)ghrelin(14–28),Free,Free,Linear,L,,480.0,mammalian blood
1254.pdb,FVPIFTYGELQRKESKKPPAKLQPR,Motilin(1–12)ghrelin(16–28),Free,Free,Linear,L,,564.0,mammalian blood
1255.pdb,FVPIFTYGELQRSKKPPAKLQPR,Motilin(1–12)ghrelin(18–28),Free,Free,Linear,L,,318.0,mammalian blood
1256.pdb,FVPIFTYGELQRKKPPAKLQPR,Motilin(1–12)ghrelin(19–28),Free,Free,Linear,L,,360.0,mammalian blood
1258.pdb,FVPIFTYGELQRVQQRKESKKPPAK,Motilin(1–12)ghrelin(12–24),Free,Free,Linear,L,,348.0,mammalian blood
1259.pdb,FVPIFTYGELQRVQQRKESKKPP,Motilin(1–12)ghrelin(12–22),Free,Free,Linear,L,,378.0,mammalian blood
1260.pdb,FVPIFTYGELQRVQQRKESKK,Motilin(1–12)ghrelin(12–20),Free,Free,Linear,L,,420.0,mammalian blood
1261.pdb,FVPIFTYGELQRVQQRKES,Motilin(1–12)ghrelin(12–18),Free,Free,Linear,L,,186.0,mammalian blood
1262.pdb,FVPIFTYGELQRVQQRK,Motilin(1–12)ghrelin(12–16),Free,Free,Linear,L,,144.0,mammalian blood
1264.pdb,HADGSFSDEMNTILDNLAARDFINWLIQTKITD,Glucagon-like peptide-2 (GLP-2),Free,Free,Linear,L,,594.0,mammalian blood
1681.pdb,DRVYIHP,Ang-(1-7),Free,Free,Linear,L,,40.0,mammalian blood
1687.pdb,EAEDLQVGQVELGGGPGAGSLQPLALEGSLQ,C-peptide,Free,Free,Linear,L,,2550.0,mammalian blood
1688.pdb,SSLKQYWSSLKQSFS,C0-LAP,Free,Free,Linear,L,,18000.0,mammalian blood
1693.pdb,GRGDS,Anti-cell adhesive pentapeptide,Free,Free,Linear,L,,480.0,mammalian blood
1715.pdb,YIGSR,YIGSR,Free,Free,Linear,L,,60.0,mammalian blood
1748.pdb,DNPSLSIDLTFHLLRTLLELARTQSQRERAEQNRIIFDSV,Ucn1 (urocortin 1),Free,Free,Linear,L,,3120.0,mammalian blood
1749.pdb,ELRMSSSYPTGLADVKAGPAQTLIRPQDMKGASRSPEDSSPDAARIRV,proADM 45–92 (Adrenomedullin),Free,Free,Linear,L,,1320.0,mammalian blood
1777.pdb,SLRRSSCFGGRIDRIGAQSGCNSFRY,ANP,Free,Free,Linear,L,,144.0,mammalian blood
1785.pdb,YTSLIHSLIEESQNQQEKNEQELLELDKWASLWNWF,ENF (T-20),Free,Free,Linear,L,,31680.0,mammalian blood
1790.pdb,WQEWEQKITALLEQAQIQQEKNEYELQKLDKWASLWEWF,T-1249,Free,Free,Linear,L,,21240.0,mammalian blood
1795.pdb,MTWMEWDREINNYTSLIHSLIEESQNQQEKNEQELL,T-651,Free,Free,Linear,L,,1080.0,mammalian blood
1800.pdb,MTWMEWDREINNYTSLIHSLIEESQNQQEKNEQELLEL,T-2410,Free,Free,Linear,L,,4320.0,mammalian blood
1805.pdb,TTWEAWDRAIAEYAARIEALIRASQEQQEKNEAELREL,T-290676,Free,Free,Linear,L,,4320.0,mammalian blood
1810.pdb,TTWEAWDRAIAEYAARIEALIRAAQEQQEKNEAALREL,T-2635,Free,Free,Linear,L,,58680.0,mammalian blood
1815.pdb,MTWEAWDRAIAEYAARIEALIRAAQEQQEKNEAALREL,T-2544,Free,Free,Linear,L,,18360.0,mammalian blood
1820.pdb,TTWEAWDRAIAEYAARIEALIRAAQEQQEKNEAILREL,T-267209,Free,Free,Linear,L,,12240.0,mammalian blood
1825.pdb,TTWEAWDRAIAEYAARIEALIRALQEQQEKNEAALREL,T-267221,Free,Free,Linear,L,,54720.0,mammalian blood
1830.pdb,TTWEAWDRAIAEYAARIEALIRAAQELQEKNEAALREL,T-267226,Free,Free,Linear,L,,27360.0,mammalian blood
1835.pdb,TTWEAWDRAIAEYAARIEALIRALQEQQEKNEAILREL,T-267225,Free,Free,Linear,L,,44640.0,mammalian blood
1840.pdb,TTWEAWDRAIAEYAARIEALIRAAQEQQEKLEAALREL,T-267227,Free,Free,Linear,L,,64440.0,mammalian blood
1845.pdb,TTWEAWDRAIAEYAARIEALIRAAQEQQEKLEAVLREL,T-291022,Free,Free,Linear,L,,102960.0,mammalian blood
1850.pdb,TTWEAWDRAIAEYAARIEALIRALQELQEKNEAALREL,T-290822,Free,Free,Linear,L,,30960.0,mammalian blood
1855.pdb,TTWEAWDRAIAEYAARIEALIRALQELQEKNEAILREL,T-290821,Free,Free,Linear,L,,34560.0,mammalian blood
1860.pdb,TTWEAWDRAIAEYAARIEALIRAAQELQEKLEAALREL,T-267228,Free,Free,Linear,L,,110880.0,mammalian blood
1865.pdb,TTWEAWDRAIAEYAARIEALIRALQELQEKLEAILREL,T-267229,Free,Free,Linear,L,,127440.0,mammalian blood
1974.pdb,SPRGDLAVLGHKY,HBP-1,Free,Free,Linear,L,,3300.0,mammalian blood
1977.pdb,IRRADRAAVPGGGGRGD,HM3,Free,Free,Linear,L,,1659.6,mammalian blood
1987.pdb,NISHTKEKKKGKAKKKRLTK,N-WASP181-200,Free,Free,Linear,L,,162.0,mammalian blood
1990.pdb,YGRKKRRQRRR,TATp,Free,Free,Linear,L,,24000.0,mammalian blood
1993.pdb,HSQGTFTSDYSKYLDSRRAQDFVQWLMNTKRNRNNIA,Oxm,Free,Free,Linear,L,,36000.0,mammalian blood
1994.pdb,LEQYANQLADQIIKEATE,RIAD,Free,Free,Linear,L,,5400.0,mammalian blood
2051.pdb,NPVENMMDRDSQ,C6,Free,Free,Linear,L,,43200.0,mammalian blood
2059.pdb,HAECTFTSDVSSYLEGQAAKEFIAWLCKGRGCPSSGAPPPSGGGGG,GLP715a,Free,Free,Linear,L,,172800.0,mammalian blood
2060.pdb,DRQIKIWFQNRRMKWKKRKIPTEDEY,TRAF6 Inhibitory peptide,Free,Free,Linear,L,,18288.0,mammalian blood
2068.pdb,MAPRGFSCLLLLTGEIDLPVKRRA,HNG ( substitution at position 14 (Gly for Ser) in HN seq),Free,Free,Linear,L,,1800.0,mammalian blood
2077.pdb,KPTFRRLKWK,LL:36–45,Free,Free,Linear,L,,1020.0,mammalian blood
2078.pdb,GCTFRRLKWKCG,LALF-10 (38–45),Free,Free,Cyclic (C2-C11),L,,4620.0,mammalian blood
2079.pdb,GCKPTFRRLKWKYKCG,LALF-14 (36–47),Free,Free,Cyclic (C2-C15),L,,5040.0,mammalian blood
2081.pdb,HSQGTFTSDYSKYLDSRRAQDFVQWLMNT,Glucagon,Free,Free,Linear,L,,600.0,mammalian blood
2107.pdb,FVPIFTYGELQRMQEKERNKGQ,Motilin,Free,Free,Linear,L,,195.6,mammalian blood
2108.pdb,FVPIFTYGELQRSPEHQRVQQRKESKKPPAKLQPR,Chimeric Motilin A,Free,Free,Linear,L,,704.4,mammalian blood
2109.pdb,FVPIFTYGELQREHQRVQQQRKESKKPPAKLQPR,Chimeric Motilin B,Free,Free,Linear,L,,668.4,mammalian blood
2114.pdb,FVPIFTYGELQRQRVQQRKESKKPPAKLQPR,Chimeric Motilin G,Free,Free,Linear,L,,315.0,mammalian blood
2115.pdb,FVPIFTYGELQRVQQRKESKKPPAKLQ,Chimeric Motilin H,Free,Free,Linear,L,,625.8,mammalian blood
2116.pdb,FVPIFTYGELQRQRVQQRKESKKPPAK,Chimeric Motilin I,Free,Free,Linear,L,,345.6,mammalian blood
2117.pdb,FVPIFTYGELQRQRVQQRKESKKPP,Chimeric Motilin J,Free,Free,Linear,L,,380.4,mammalian blood
2118.pdb,FVPIFTYGELQRQRVQQRKESKK,Chimeric Motilin K,Free,Free,Linear,L,,368.4,mammalian blood
2119.pdb,FVPIFTYGELQRQRVQQRKES,Chimeric Motilin L,Free,Free,Linear,L,,293.4,mammalian blood
2120.pdb,FVPIFTYGELQRQRVQQRK,Chimeric Motilin M,Free,Free,Linear,L,,143.4,mammalian blood
2121.pdb,FVPIFTYGELQRVQQRKEKKPPAKLQPR,Chimeric Motilin N,Free,Free,Linear,L,,547.2,mammalian blood
2122.pdb,FVPIFTYGELQRVQQRKEFKKPPAKLQPR,Chimeric Motilin O,Free,Free,Linear,L,,463.8,mammalian blood
2123.pdb,FVPIFTYGELQRVQQRKETKKPPAKLQPR,Chimeric Motilin P,Free,Free,Linear,L,,580.2,mammalian blood
2124.pdb,FVPIFTYGELQRVQQRKEPKKPPAKLQPR,Chimeric Motilin Q,Free,Free,Linear,L,,579.0,mammalian blood
2125.pdb,FVPIFTYGELQRVQQRKELKKPPAKLQPR,Chimeric Motilin R,Free,Free,Linear,L,,547.8,mammalian blood
2126.pdb,FVPIFTYGELQRVQQRKEAKKPPAKLQPR,Chimeric Motilin S,Free,Free,Linear,L,,557.4,mammalian blood
2128.pdb,FVPIFTYGELQRVQQRKQSKKPPAKLQPR,Chimeric Motilin U,Free,Free,Linear,L,,339.6,mammalian blood
2129.pdb,FVPIFTYGELQRVQQRKDSKKPPAKLQPR,Chimeric Motilin V,Free,Free,Linear,L,,608.4,mammalian blood
2130.pdb,FVPIFTYGELQRVQQRKKKPPAKLQPR,Chimeric Motilin W,Free,Free,Linear,L,,323.4,mammalian blood
2131.pdb,FVPIFTYGELQRVQQKRDSRRPPAKLQPR,Chimeric Motilin X,Free,Free,Linear,L,,473.4,mammalian blood
2132.pdb,FVPIFTYGELQRVQQKKSEKRPPAKLQPR,Chimeric Motilin Y,Free,Free,Linear,L,,696.0,mammalian blood
2133.pdb,FVPIFTYGELQRVQQRKGESKKPPAKLQPR,Chimeric Motilin Z,Free,Free,Linear,L,,631.8,mammalian blood
2134.pdb,FVPIFTYGELQRQQRKESGKKPPAKLQPR,Chimeric Motilin-i,Free,Free,Linear,L,,693.0,mammalian blood
2136.pdb,FVPIFTYGELQRVQQRKGGESKKPPAKLQPR,Chimeric Motilin-iii,Free,Free,Linear,L,,639.0,mammalian blood
2137.pdb,FVPIFTYGELQRVQQRKESKKAKLQPR,Chimeric Motilin-iv,Free,Free,Linear,L,,463.8,mammalian blood
2138.pdb,FVPIFTYGELQRVQQRKESKKAKLAALKA,Chimeric Motilin-v,Free,Free,Linear,L,,536.4,mammalian blood
2139.pdb,FVPIFTYGELQRVQQRKESKKPPAKLAALKA,Chimeric Motilin-vi,Free,Free,Linear,L,,596.4,mammalian blood
2140.pdb,FVPIFTYGELQRVQQRKESKKPPAELAALEA,Chimeric Motilin-vii,Free,Free,Linear,L,,766.8,mammalian blood
2141.pdb,FVPIFTYGELQRVQQRKESKKPPAELAALKA,Chimeric Motilin-viii,Free,Free,Linear,L,,693.6,mammalian blood
2142.pdb,FVPIFTYGELQRVQQRKESKKMITIR,Chimeric Motilin-ix,Free,Free,Linear,L,,263.4,mammalian blood
2143.pdb,FVPIFTYGELQRVQQRKESKKPPMITIR,Chimeric Motilin-x,Free,Free,Linear,L,,315.0,mammalian blood
2144.pdb,FVPIFTYGELQRKESKKPAKLAALKA,Chimeric Motilin-xi,Free,Free,Linear,L,,617.4,mammalian blood
2145.pdb,FVPIFTYGELQRVQQKKAYSPDKERKPPALQPR,Chimeric Motilin-xii,Free,Free,Linear,L,,781.8,mammalian blood
2146.pdb,FVPIFTYGELQRVQQKKAYSPDKERKPPAKLQPR,Chimeric Motilin-xiii,Free,Free,Linear,L,,785.4,mammalian blood
2152.pdb,CFGGRMDRIGAQSGLGCNSFRYVQQRKESKKPPAKLQPR,Chimeric ANP-A,Free,Free,Cyclic (C1-C17),L,,2784.0,mammalian blood
2153.pdb,VQQRKESKKPPAKLQPRCFGGRMDRIGAQSGLGCNSFRY,Chimeric ANP-B,Free,Free,Cyclic (C18-C34),L,,3438.0,mammalian blood
2154.pdb,RPQLKAPPKKSEKRQQVCFGGRMDRIGAQSGLGCNSFRY,Chimeric ANP-C,Free,Free,Cyclic (C18-C34),L,,2268.0,mammalian blood
2161.pdb,CFGLKLDRIGSMSGLGCVQQRKESKKPPAKLQPR,Chimeric CNP-C,Free,Free,Cyclic (C1-C17),L,,901.8,mammalian blood
2162.pdb,GLSKGFGLKLDRISMSGLGCVQQRKESKKPPAKLQPR,Chimeric CNP-D,Free,Free,Cyclic (C6-C22),L,,1218.0,mammalian blood
2165.pdb,VQQRKESKKPPAKLQPRCFGLKLDRIGSMSGLGC,Chimeric CNP-G,Free,Free,Cyclic (C18-C34),L,,1065.0,mammalian blood
2166.pdb,RPQLKAPPKKSEKRQQVCFGLKLDRIGSMSGLGC,Chimeric CNP-H,Free,Free,Cyclic (C18-C34),L,,891.6,mammalian blood
2168.pdb,GLSKGCFGLKLDRIGSMSGLGCVQQRKDSKKPPAKLQPR,Chimeric CNP-J,Free,Free,Cyclic (C6-C22),L,,1874.4,mammalian blood
2169.pdb,CFGLKLDRIGSMSGLGCAGSVDHKGKQRKWDHPKR,Chimeric CNP-K,Free,Free,Cyclic (C1-C17),L,,1081.8,mammalian blood
2182.pdb,VKFNKPFVFLMIEQNTK,SP16,Free,Free,Linear,L,,6840.0,mammalian blood
2183.pdb,KGCRFGTCTVQKLAHQIYQFTDKDKDNVAPRSKISPQGY,Intermedin or adrenomedullin peptide,Free,Free,Linear,L,,5400.0,mammalian blood
2206.pdb,SEEPPISLDLTFHLLREVLEMARAEQLAQQAHSNRKLMEII,Human Corticotropic releasing factor (hCRF),Free,Free,Linear,L,,4326.0,mammalian blood
2219.pdb,ELYENKPRRPYIL,Neurotensin,Free,Free,Linear,L,,354.0,mammalian blood
2265.pdb,HADGVFTSDFSRLLGQLSAKKYLESLI,Peptide histidine isoleucine,Free,Free,Linear,L,,186.0,mammalian blood
2276.pdb,TSEKSQTPLVTL,DEγE (Des-Enkephalin-γ-Endorphin) (β-endorphin-(6--17)),Free,Free,Linear,L,,36.0,mammalian blood
2279.pdb,SANSNPAMAPRERKAGCKNFFWKTFTSC,Somatostatin 28,Free,Free,Cyclic (C17-C28),L,,168.0,mammalian blood
2283.pdb,SSCFGGRIDRIGAQSGLGCNSFRY,Atriopeptin 3,Free,Free,Cyclic (C3-C19),L,I125 radiolabeled,150.0,mammalian blood
2295.pdb,YAFGYPS,Dermorphin,Free,Free,Linear,L,I125 radiolabeled,78.0,mammalian blood
2302.pdb,SQEPPISLDLTFHLLREVLEMTKADQLAQQAHSNRKLLDIA,Ovine corticotropic releasing factor,Free,Free,Linear,L,,696.0,mammalian blood
2317.pdb,ADSGEGDFLAEGGGVR,Human Fibrinopeptide A (FPA),Free,Free,Linear,L,,5400.0,mammalian blood
2322.pdb,VPLPAGGGTVLTKMYPRGNHWAVGHLM,Gastrin releasing peptide,Free,Free,Linear,L,,168.0,mammalian blood
2370.pdb,VVVPP,Cemadotin-HCl,Free,Free,Linear,L,,36000.0,mammalian blood
2387.pdb,HSDAVFTDNYTRLRKQMAVKKYLNSILN,Vasoactive intestinal peptide,Free,Free,Linear,L,I125 radiolabeling,37.2,mammalian blood
2390.pdb,MEPLGWQLTSGPNQEQVSPLTLLK,Alpha 2-antiplasmin (α2AP ),Free,Free,Linear,L,I125 radiolabeling,1140.0,mammalian blood
2403.pdb,CSCSSLMDKECVYFCHLDIIW,Endothelin 1 (ET-l),Free,Free,Linear,L,Labelled with I125,40.0,mammalian blood
2413.pdb,FCFWKTCT,Octreotide,Free,Free,Cyclic (C2-C7),L,,6780.0,mammalian blood
2457.pdb,GWTLNSAGYLLGPHAVGNHRSFSDKNGLTS,Galanin,Free,Free,Linear,L,,222.0,mammalian blood
2567.pdb,HDEFERHAEGTFTSDVSSYLEGQAAKEFIAWLVKGRG,Glucagon like peptide-1 (GLP-1),Free,Free,Linear,L,,300.0,mammalian blood
2568.pdb,YRGDS,RGD containing peptide,Free,Free,Linear,L,,30.0,mammalian blood
2573.pdb,CYFQNCPRG,"Vasopressin, 8-L-Arginine",Free,Free,Cyclic (C1-C6),L,I125 labeling,63.6,mammalian blood
2618.pdb,FPESKATNATLDPRPGGGGNGDFEEIPEEYLQ,HLP(Hirulog-like peptide),Free,Free,Linear,L,I125 labeling,513.6,mammalian blood
2625.pdb,FGGFTGARKSARKLANQ,N/OFQ (Nociceptin/Orphanin FQ peptide receptor),Free,Free,Linear,L,,3840.0,mammalian blood
2640.pdb,VDKPPYLPRPRPPRRIYN,O-2 (Oncocin),Free,Free,Linear,L,,7200.0,mammalian blood
2709.pdb,MIFVKTLTGKTIL,SHSMP(Sadat-Habdan Mesenchymal stimulating Peptide),Free,Free,Linear,L,,5400.0,mammalian blood
2711.pdb,PLLQATL,P7 (Basic fibroblast growth factor- binding peptide),Free,Free,Linear,L,,5400.0,mammalian blood
2716.pdb,HSDAVFTDNYTRLRKQVAAKKYLQSIKNKRY,BAY55-9837 (VPAC2 receptor agonist),Free,Free,Linear,L,,300.0,mammalian blood
2721.pdb,MWQRPSSWIEGRFPHSDAVFTDQYTRLRKQLAAKKYLQSLKQKRY,MHDBAY (Recombinant PACAP-derived peptide),Free,Free,Linear,L,,43884.0,mammalian blood
2735.pdb,YPIKPEAPGEDASPEELNRYYASLRHYLNLVTRQRY,PYY(3-34) [Peptide YY],Free,Free,Linear,L,,216.0,mammalian blood
2771.pdb,LLTHTISRIAVSYQTKVNLL,P16  [TNF α (75–94)],Free,Free,Linear,L,,345.6,mammalian blood
2772.pdb,MWQRPSSWIEGRLLTHTISRIAVSYQTKVNLL,RMP-16 (Recombinant slow-release TNF α-derived peptide),Free,Free,Linear,L,,47196.0,mammalian blood
2792.pdb,CRKEVY,cTP6( Cyclic thymic hexapeptide),Free,Free,Cyclic (Amide bond between C1-Y6),L,,10620.0,mammalian blood
2794.pdb,RKEVY,TP5(Thymopentin),Free,Free,Linear,L,,30.0,mammalian blood
2836.pdb,SQDSAERIQERLRNSKMAHSSSCFGQKIDRIGAVSRLGCDGLRQF,iso-rANP(1-45) (Recombinant atrial natriuretic peptide),Free,Free,Cyclic (C23-C39),L,,130.0,mammalian blood
2865.pdb,HADGVFTSDFSKLLGQLSAKKYLESLMGKRVSSNISEDPVPV,PHV (Peptide histidine valine),Free,Free,Linear,L,,2250.0,mammalian blood
2876.pdb,SSCFGGRMDRIGAQSGLGCNSFRY,ANF (Ser103-Tyr126) (Atrial natriuretic factor ),Free,Free,Cyclic (C3-C19),L,Radioiodinated peptide at Tyr,22.0,mammalian blood
2880.pdb,RRSSCFGGRMDRIGAQSGLGCNSFRY,rANP (Recombinant Atrial natriuretic peptide ),Free,Free,Cyclic (C5-C21),L,,270.0,mammalian blood
2891.pdb,HSQGTFTSDYSKYLDSRRAQDFVQWLMNTKRNKNNIA,Oxyntomodulin,Free,Free,Linear,L,,720.0,mammalian blood
2892.pdb,YGGFM,MET-enkephalin (Methionine-enkephalin),Free,Free,Linear,L,,768.0,mammalian blood
2893.pdb,YGGFL,LEU-enkephalin (Leucine-enkephalin),Free,Free,Linear,L,,420.0,mammalian blood
2903.pdb,WAGGDASGE,DSIP (Delta sleep inducing peptide),Free,Free,Linear,L,,434.4,mammalian blood
2904.pdb,AGGDASGE,des-Trp-DSIP,Free,Free,Linear,L,,453.0,mammalian blood
2916.pdb,APGPR,CLAP(Prpcolipase activation peptide),Free,Free,Linear,L,,300.0,mammalian blood
2928.pdb,DSGCFGRRLDRIGSLSGLGCNVLRRY,Porcine  125I-BNP(1-26),Free,Free,Cyclic (C4-C20),L,Tyr is Iodinated (125I),186.0,mammalian blood
2949.pdb,SLRRSSCFGGRIDRIGAQSGLGCNSFRY,ANP (Atrial natriuretic peptide),Free,Free,Cyclic (C7-C23),L,,192.0,mammalian blood
2953.pdb,AGCKNFFWKTFTSC,Somatostatin,Free,Free,Cyclic (C3-C14),L,,144.0,mammalian blood
2956.pdb,SQDSAFRIQERLRNSKMAHSSSCFGQKIDRIGAVSRLGCDGLRLF,Rat BNP-45 ( Brain natriuretic peptide-45),Free,Free,Cyclic (C23-C39),L,,45.0,mammalian blood
2962.pdb,GGFMTSEKSQTPLVTL,[3H-Lys9]DE-gamma-E,Free,Free,Linear,L,,72.0,mammalian blood
2976.pdb,ACDTATCVTHRLAGLLSRSGGVVKNNFVPTNVGSKAF,CGRP(Calcitonin gene related peptide),Free,Free,Linear,L,,258.0,mammalian blood
3022.pdb,RRSSCFGGRIDIIGAQSGLGCNSFRY,ile 12-ANP (Atrial natriuretic peptide),Free,Free,Cyclic (C5-C21),L,,246.0,mammalian blood
3032.pdb,PGDSTRKCMDLKGNK,PCK3145 (Prostate secretory protein 94 derived peptide),Free,Free,Linear,L,,3240.0,mammalian blood
3093.pdb,RKDVY,TP5 (Thymopentin),Free,Free,Linear,L,,336.0,mammalian blood
3168.pdb,RREAQNPQAGAVELGGGLGGLNALALEGPPQKRG,Procine C-Peptide,Free,Free,Linear,L,,594.0,mammalian blood
3177.pdb,EAKSQGGSN,Facteur thymique serique (FTS),Free,Free,Linear,L,,150.0,mammalian blood
3179.pdb,GCRFGTCT,ADM 15-22,Free,Free,Linear,L,,67.5,mammalian blood
