,sequence,half_life_seconds,experimental_characteristics,hl_category
0,AAAMSQVTN,15840.000000000002,Mammalian,Medium
1,AACEVAKNLNESLIDLQELGKYEQYIKW,15840.000000000002,Mammalian,Medium
2,AAGAVVNDL,15840.000000000002,Mammalian,Medium
3,AAHLIDALYAEFLGGRVLTT,15840.000000000002,Mammalian,Medium
4,AAHLIDALYAEFLGGRVLTTPVVHRALFYASAVLRQPFLAGVPSA,15840.000000000002,Mammalian,Medium
5,AAKAWKKAKAWKKAKWWKKAA,15840.000000000002,Mammalian,Medium
6,AALGDTAWDFGSIGGVFNSIGRAVHQVFGGAFRTL,15840.000000000002,Mammalian,Medium
7,AAQRRGRIGRNPSQVGD,15840.000000000002,Mammalian,Medium
8,AAQRRGRVGRNPNQVGD,15840.000000000002,Mammalian,Medium
9,AAWWAGIKQEF,15840.000000000002,Mammalian,Medium
10,AAYFLLKLAGRW,15840.000000000002,Mammalian,Medium
11,ACAWAGIKQEF,15840.000000000002,Mammalian,Medium
12,ACELKWESEFWRWTEQLA,15840.000000000002,Mammalian,Medium
13,ACFPWGNTWCGGK,15840.000000000002,Mammalian,Medium
14,ACWAAGIKQEF,15840.000000000002,Mammalian,Medium
15,ACWWAAIKQEF,15840.000000000002,Mammalian,Medium
16,ACWWAGAKQEF,15840.000000000002,Mammalian,Medium
17,ACWWAGIAQEF,15840.000000000002,Mammalian,Medium
18,ACWWAGIKAEF,15840.000000000002,Mammalian,Medium
19,ACWWAGIKQAF,15840.000000000002,Mammalian,Medium
20,ACWWAGIKQEA,15840.000000000002,Mammalian,Medium
21,ADLEVVAATFVLVA,15840.000000000002,Mammalian,Medium
22,ADLEVVAATHVLVA,15840.000000000002,Mammalian,Medium
23,ADLEVVAATYAAAA,15840.000000000002,Mammalian,Medium
24,ADLEVVAATYKKKK,15840.000000000002,Mammalian,Medium
25,ADLEVVAATYV,15840.000000000002,Mammalian,Medium
26,ADLEVVAATYVDDA,15840.000000000002,Mammalian,Medium
27,ADLEVVAATYVDDD,15840.000000000002,Mammalian,Medium
28,ADLEVVAATYVDVA,15840.000000000002,Mammalian,Medium
29,ADLEVVAATYVDVD,15840.000000000002,Mammalian,Medium
30,ADLEVVAATYVKKK,15840.000000000002,Mammalian,Medium
31,ADLEVVAATYVLDA,15840.000000000002,Mammalian,Medium
32,ADLEVVAATYVLDD,15840.000000000002,Mammalian,Medium
33,ADLEVVAATYVLVA,15840.000000000002,Mammalian,Medium
34,ADLEVVAATYVLVD,15840.000000000002,Mammalian,Medium
35,ADVILMCFSIDSPDSLENI,15840.000000000002,Mammalian,Medium
36,AEAASQVTNTATIM,15840.000000000002,Mammalian,Medium
37,AEAIPMSIPPEVKFNKPFVF,15840.000000000002,Mammalian,Medium
38,AEAMAQVTN,15840.000000000002,Mammalian,Medium
39,AEAMSQVANTATIM,15840.000000000002,Mammalian,Medium
40,AEAMSQVTN,15840.000000000002,Mammalian,Medium
41,AEAMSQVTNTATIM,15840.000000000002,Mammalian,Medium
42,AEASQVTNTATIM,15840.000000000002,Mammalian,Medium
43,AECVVSCSMSYTKA,15840.000000000002,Mammalian,Medium
44,AEDWVRWI,15840.000000000002,Mammalian,Medium
45,AEPERRNIKYL,15840.000000000002,Mammalian,Medium
46,AFLGWIGAIVSTALPQWR,15840.000000000002,Mammalian,Medium
47,AGAGTGATAIGMVTQYHQVL,15840.000000000002,Mammalian,Medium
48,AGALMFAWLLLGLQGIFN,15840.000000000002,Mammalian,Medium
49,AGAVVNDL,15840.000000000002,Mammalian,Medium
50,AGDDQGLDKCVPNSKEK,15840.000000000002,Mammalian,Medium
51,AGHNKVGSLQYLALA,15840.000000000002,Mammalian,Medium
52,AGVKDGKLDF,15840.000000000002,Mammalian,Medium
53,AGVSGHGQHGVHG,15840.000000000002,Mammalian,Medium
54,AIGWGDPITHWSHGQNRW,15840.000000000002,Mammalian,Medium
55,AIKWEYVLLLFLL,15840.000000000002,Mammalian,Medium
56,AKDLEVVCSTYVLVEA,15840.000000000002,Mammalian,Medium
57,AKDLEVVTSTYVLVEA,15840.000000000002,Mammalian,Medium
58,AKKAAKKAKKAAKKAKKAAKK,15840.000000000002,Mammalian,Medium
59,AKKAAKKAKKAAKKAKKWAKK,15840.000000000002,Mammalian,Medium
60,AKKAAKKAKKAAKKIEKAAKK,15840.000000000002,Mammalian,Medium
61,AKKAKKKAKKAAKKIKKKAKK,15840.000000000002,Mammalian,Medium
62,AKKAWKKAKKAAKKAKKWAKK,15840.000000000002,Mammalian,Medium
63,AKLKVVAATYVLKK,15840.000000000002,Mammalian,Medium
64,AKTIRLESEVTAIKNALKKTNEAVSTLGNGVRVLATAVRELKDFVSKN,15840.000000000002,Mammalian,Medium
65,AKVNGQSGRMEFFWTILK,15840.000000000002,Mammalian,Medium
66,AKVTMTCSAS,15840.000000000002,Mammalian,Medium
67,ALAALITPKKIKPPL,15840.000000000002,Mammalian,Medium
68,ALNCYWPLNDYGFYTTTGIGYQPYRVVVLSFEL,15840.000000000002,Mammalian,Medium
69,ALPQWRIYSYAGDNIVTA,15840.000000000002,Mammalian,Medium
70,ALWDTLLKKVLKAAAKAALDAVLVGANA,15840.000000000002,Mammalian,Medium
71,ALWKTLLKKVLKAAAKAALKAVLVGANA,15840.000000000002,Mammalian,Medium
72,ALWKTLLKKVLKAAAKAALNAVLVGANA,15840.000000000002,Mammalian,Medium
73,ALWKTMLKKLGTMALHAGKAALGAAADTISQGTQ,15840.000000000002,Mammalian,Medium
74,ALWMTLLKKVLKAAAKAALNAVLVGANA,15840.000000000002,Mammalian,Medium
75,ANQFNSAIGKIQDSLSSTASALGKLQDVVNQNAQALNTLVKQ,15840.000000000002,Mammalian,Medium
76,APKAMRLLRRLLRRLLR,15840.000000000002,Mammalian,Medium
77,AQNAISTTFPYT,15840.000000000002,Mammalian,Medium
78,ARILMRIRQMMT,15840.000000000002,Mammalian,Medium
79,ARRAKRRARRAARRARRKARR,15840.000000000002,Mammalian,Medium
80,ARRAKRRARRAKRRARRKKRR,15840.000000000002,Mammalian,Medium
81,ARRARRRARRAARRARRGARR,15840.000000000002,Mammalian,Medium
82,ARRARRRARRAARRARRWARR,15840.000000000002,Mammalian,Medium
83,ARRAWRRARRAARRARRAARR,15840.000000000002,Mammalian,Medium
84,ASCDKCQLKGEAMHG,15840.000000000002,Mammalian,Medium
85,ASNYWILEYLWKVPFDFW,15840.000000000002,Mammalian,Medium
86,ATAGWTFGAGAALQIPFAMQMAY,15840.000000000002,Mammalian,Medium
87,ATHQEAIEKVTGALKINNLR,15840.000000000002,Mammalian,Medium
88,ATKALTEVIPLTEEAEC,15840.000000000002,Mammalian,Medium
89,ATSSANSKA,15840.000000000002,Mammalian,Medium
90,AVACELKWESEFWRWTEQ,15840.000000000002,Mammalian,Medium
91,AVKRVGRRLKKLARKIARLGVAF,15840.000000000002,Mammalian,Medium
92,AVSKVLHLEGEVNKISALLSTNKAVVSLSNGANTI-VSVLTSKVLDLDNYIDKQLLPIVNK,15840.000000000002,Mammalian,Medium
93,AVVNDL,15840.000000000002,Mammalian,Medium
94,AWDFGSIGGVFNSIGRAVHQVF,15840.000000000002,Mammalian,Medium
95,AWDFGSIGGVFNSIGRAVHQVFGGAFRTL,15840.000000000002,Mammalian,Medium
96,AWDFGSIGGVFTSVGKLVHQVFGTAYGVL,15840.000000000002,Mammalian,Medium
97,AWDFGSLGGVFTSIGKALHQVFGAIYGAA,15840.000000000002,Mammalian,Medium
98,AWDFGSLGGVFTSIGKALHQVFGGAFGAA,15840.000000000002,Mammalian,Medium
99,AWDFGSVGGLFTSLGKAVHQVFGSVYTTM,15840.000000000002,Mammalian,Medium
100,AWDFGSVGGVFNSLGKGIHQIFGAAFKSL,15840.000000000002,Mammalian,Medium
101,AWDFGSVGGVLNSLGKMVHQIFGSAYTAL,15840.000000000002,Mammalian,Medium
102,AWLVHRQWFLDLPLPWLPG,15840.000000000002,Mammalian,Medium
103,AWLVHTQWFLDLPLPWLPGADTQGSNWI,15840.000000000002,Mammalian,Medium
104,ANTI-HEVVPLEVYTRHEIK,600.0,Yeast,Low
105,ANTI-HEVVPLEVYTRHEIK,12600.0,Mammalian,Medium
107,CAVACELKWESEFWRWTE,4320.0,Mammalian,Low
108,CDVIALLACHLNT,4320.0,Mammalian,Low
109,CDVIALLCHLNT,4320.0,Mammalian,Low
110,CDVIALLCHLNTPSF,4320.0,Mammalian,Low
111,CDVIALLCHLNTPSFNTTHYRESWY,4320.0,Mammalian,Low
112,CEEIRARLSTHLRKMRKRLMRDADDLQKRLAVY,4320.0,Mammalian,Low
113,CEELRVRLASHLRKLRKRLLRDADDLQKRLAVY,4320.0,Mammalian,Low
114,CEEQAQQIRLQAEAFQARLKSWFEPLVEDM,4320.0,Mammalian,Low
115,CELKWESEFWRWTEQLAS,4320.0,Mammalian,Low
116,CEVLSDFK,4320.0,Mammalian,Low
117,CEYQAGHNKVGSLQY,4320.0,Mammalian,Low
118,CFPWGC,4320.0,Mammalian,Low
119,CFSIDSPDSLENI,4320.0,Mammalian,Low
120,CGGGGGSLTEINTELLDLEYEMKKLEEVVKKLEESYIDLKEL,4320.0,Mammalian,Low
121,CIRLQAEAFQARLKSWFEPLV,4320.0,Mammalian,Low
122,CKIPFEIMDLEKRHV,4320.0,Mammalian,Low
123,CLRKLRKRLLRC,4320.0,Mammalian,Low
124,CLRVRLASHLRKLRKRLLRDADDL,4320.0,Mammalian,Low
125,CNCTNSSSSYSGTKMACPSNRG,4320.0,Mammalian,Low
126,CNDFRSKTC,4320.0,Mammalian,Low
127,CNSTKNLTFAMRSSGDYGEV,4320.0,Mammalian,Low
128,CSIELSDIPLSVDFNTMID,4320.0,Mammalian,Low
129,CSSHFPYSQYQFWK,4320.0,Mammalian,Low
130,CTSDLPSSWGYMNCNCTNSSSS,4320.0,Mammalian,Low
131,CVRLASHLRKLRKRLLRDADDL,4320.0,Mammalian,Low
132,CVRLASHLRKLRKRLLRDADDLQKRLAVY,4320.0,Mammalian,Low
133,CWVRIGRYILRRIKTPFT,4320.0,Mammalian,Low
134,CWVRLARYLLRRLKTPFT,4320.0,Mammalian,Low
135,CWVRLGRELLRRLKEPFT,4320.0,Mammalian,Low
136,CWVRLGRELLRRLKTPFT,4320.0,Mammalian,Low
137,CWVRLGRKLLRRLKKPFT,4320.0,Mammalian,Low
138,CWVRLGRKLLRRLKTPFT,4320.0,Mammalian,Low
139,CWVRLGRYALRRLKTPFT,4320.0,Mammalian,Low
140,CWVRLGRYILRRIKTPFT,4320.0,Mammalian,Low
141,CWVRLGRYILRRLKTPFT,4320.0,Mammalian,Low
142,CWVRLGRYKLRRLKTPFT,4320.0,Mammalian,Low
143,CWVRLGRYLLRRLKTLFT,4320.0,Mammalian,Low
144,CWVRLGRYLLRRLKTPFT,4320.0,Mammalian,Low
145,CWVRLGRYLLRRLKTPFTRL,4320.0,Mammalian,Low
146,CWVRLGRYSLRRLKTPFT,4320.0,Mammalian,Low
147,CWVRLGRYVLRRLKTPFT,4320.0,Mammalian,Low
148,CWVRLLRYLLRRLKTLFT,4320.0,Mammalian,Low
149,CWVRLLRYLLRRLKTPFT,4320.0,Mammalian,Low
150,CWVRLVRYLLRRLKTPFT,4320.0,Mammalian,Low
151,DCPNGPWVWVPAFCQAVGWG,180.0,Yeast,Low
152,DCPNGPWVWVPAFCQAVGWG,3960.000000000001,Mammalian,Low
153,DCWVRLGRYLLRRLKTPF,3960.000000000001,Mammalian,Low
154,DCWVRLGRYLLRRLKTPF,180.0,Yeast,Low
155,DDDEVVAATYVLVA,180.0,Yeast,Low
156,DDDEVVAATYVLVA,3960.000000000001,Mammalian,Low
157,DDSVVAAMSYSFA,3960.000000000001,Mammalian,Low
158,DDSVVAAMSYSFA,180.0,Yeast,Low
159,DDSVVAAMSYSHA,3960.000000000001,Mammalian,Low
160,DDSVVAAMSYSHA,180.0,Yeast,Low
161,DDSVVAAMSYSYA,3960.000000000001,Mammalian,Low
162,DDSVVAAMSYSYA,180.0,Yeast,Low
163,DDSVVCAAMSYSFA,180.0,Yeast,Low
164,DDSVVCAAMSYSFA,3960.000000000001,Mammalian,Low
165,DDSVVCAAMSYSHA,180.0,Yeast,Low
166,DDSVVCAAMSYSHA,3960.000000000001,Mammalian,Low
167,DDSVVCAAMSYSYA,180.0,Yeast,Low
168,DDSVVCAAMSYSYA,3960.000000000001,Mammalian,Low
169,DDSVVSAAMSYSFA,180.0,Yeast,Low
170,DDSVVSAAMSYSFA,3960.000000000001,Mammalian,Low
171,DDSVVSAAMSYSYA,180.0,Yeast,Low
172,DDSVVSAAMSYSYA,3960.000000000001,Mammalian,Low
173,DEDLEELERLYRKAEEVAKEAKDASRRGDDERAKEQMERAMRLFDQVFELAQELQEKQTDGNRQKATHLDKAVKEAADELYQRVR,180.0,Yeast,Low
174,DEDLEELERLYRKAEEVAKEAKDASRRGDDERAKEQMERAMRLFDQVFELAQELQEKQTDGNRQKATHLDKAVKEAADELYQRVR,3960.000000000001,Mammalian,Low
175,DFRELNKRTQDFWEVQLGIP,180.0,Yeast,Low
176,DFRELNKRTQDFWEVQLGIP,3960.000000000001,Mammalian,Low
177,DFWRGVISLTPLLVCVAA,180.0,Yeast,Low
178,DFWRGVISLTPLLVCVAA,3960.000000000001,Mammalian,Low
179,DHVTPDIAYNP,3960.000000000001,Mammalian,Low
180,DHVTPDIAYNP,180.0,Yeast,Low
181,DHVTPDIAYNPRTYM,180.0,Yeast,Low
182,DHVTPDIAYNPRTYM,3960.000000000001,Mammalian,Low
183,DHVTPDIAYNPWAYF,3960.000000000001,Mammalian,Low
184,DHVTPDIAYNPWAYF,180.0,Yeast,Low
185,DIQKLVGKLNWASQIYPGIK,180.0,Yeast,Low
186,DIQKLVGKLNWASQIYPGIK,3960.000000000001,Mammalian,Low
187,DISGINASVVNIQKEIDRLNEVAKNLNESLIDLQEL,180.0,Yeast,Low
188,DISGINASVVNIQKEIDRLNEVAKNLNESLIDLQEL,3960.000000000001,Mammalian,Low
189,DISGINASVVNIQKEIDRLNEVAKNLNESLIDLQELGKYE,180.0,Yeast,Low
190,DISGINASVVNIQKEIDRLNEVAKNLNESLIDLQELGKYE,3960.000000000001,Mammalian,Low
191,DISGINASVVNIQKEIDRLNEVAKNLNESLIDLQELGSGSGC,3960.000000000001,Mammalian,Low
192,DISGINASVVNIQKEIDRLNEVAKNLNESLIDLQELGSGSGC,180.0,Yeast,Low
193,DITLNNSVALDPIDISIELNKAKSDLEESKEWIRRSNQKLDSIGN,180.0,Yeast,Low
194,DITLNNSVALDPIDISIELNKAKSDLEESKEWIRRSNQKLDSIGN,3960.000000000001,Mammalian,Low
195,DIWDWICEVLSDFK,180.0,Yeast,Low
196,DIWDWICEVLSDFK,3960.000000000001,Mammalian,Low
197,DKEWILQKIYEIMRLLDELGHAEASMRVSDLIYEFMKKGDERLLEEAERLLEEVER,3960.000000000001,Mammalian,Low
198,DKEWILQKIYEIMRLLDELGHAEASMRVSDLIYEFMKKGDERLLEEAERLLEEVER,180.0,Yeast,Low
199,DKFNHEAED,3960.000000000001,Mammalian,Low
200,DKFNHEAED,180.0,Yeast,Low
201,DLADQLIHLYYFDCF,180.0,Yeast,Low
202,DLADQLIHLYYFDCF,3960.000000000001,Mammalian,Low
203,DLSLDFEKLNVTLLDLTYEMNRIQDAIKKLNESYINLKE,180.0,Yeast,Low
204,DLSLDFEKLNVTLLDLTYEMNRIQDAIKKLNESYINLKE,3960.000000000001,Mammalian,Low
205,DRGWGNGCGLFG,180.0,Yeast,Low
206,DRGWGNGCGLFG,3960.000000000001,Mammalian,Low
207,DSGEGDFLAEGGGVR,3960.000000000001,Mammalian,Low
208,DSGEGDFLAEGGGVR,180.0,Yeast,Low
209,DTRACDVIALLCHLNT,3960.000000000001,Mammalian,Low
210,DTRACDVIALLCHLNT,180.0,Yeast,Low
211,DTVVELSEWGVPCATCIL,3960.000000000001,Mammalian,Low
212,DTVVELSEWGVPCATCIL,180.0,Yeast,Low
213,DVDLGDISGINASVVNIQKEIDRLNEVAKNLNESLIDLQELGKYEQYI,3960.000000000001,Mammalian,Low
214,DVDLGDISGINASVVNIQKEIDRLNEVAKNLNESLIDLQELGKYEQYI,180.0,Yeast,Low
215,DVILMCFSIDSPDSLENI,3960.000000000001,Mammalian,Low
216,DVILMCFSIDSPDSLENI,180.0,Yeast,Low
217,DWLKAFYDKVAEKLKEAF,180.0,Yeast,Low
218,DWLKAFYDKVAEKLKEAF,3960.000000000001,Mammalian,Low
219,DWLRIIWDWVCSVVSDFK,180.0,Yeast,Low
220,DWLRIIWDWVCSVVSDFK,3960.000000000001,Mammalian,Low
221,DWVRWI,3960.000000000001,Mammalian,Low
222,DWVRWI,180.0,Yeast,Low
223,EANTTLLDLTYEMLSLQQVVKALNESYIDLKEL,1800.0,Yeast,Low
224,EANTTLLDLTYEMLSLQQVVKALNESYIDLKEL,3600.0,Mammalian,Low
225,ECRSTSYAGAVVNDL,3600.0,Mammalian,Low
226,ECRSTSYAGAVVNDL,1800.0,Yeast,Low
227,EDLFYQ,1800.0,Yeast,Low
228,EDLFYQ,3600.0,Mammalian,Low
229,EDLFYQSSL,1800.0,Yeast,Low
230,EDLFYQSSL,3600.0,Mammalian,Low
231,EELRVRLASHLRKLRKRLLRDADDL,1800.0,Yeast,Low
232,EELRVRLASHLRKLRKRLLRDADDL,3600.0,Mammalian,Low
233,EELRVRLASHLRKLRKRLLRDADDLQKRLAVY,1800.0,Yeast,Low
234,EELRVRLASHLRKLRKRLLRDADDLQKRLAVY,3600.0,Mammalian,Low
235,EELRVRLASHLRKLRKRLLRDADDLQKRLAVYEEQAQQIRLQAEAFQARLKSWFEPLVEDM,1800.0,Yeast,Low
236,EELRVRLASHLRKLRKRLLRDADDLQKRLAVYEEQAQQIRLQAEAFQARLKSWFEPLVEDM,3600.0,Mammalian,Low
237,EEQAKTFLDK,3600.0,Mammalian,Low
238,EEQAKTFLDK,1800.0,Yeast,Low
239,EEQAKTFLDKFNHEAEDLFYQSS,3600.0,Mammalian,Low
240,EEQAKTFLDKFNHEAEDLFYQSS,1800.0,Yeast,Low
241,EEQAKTFLDKFNHEAEDLFYQSSGLGKGDFR,1800.0,Yeast,Low
242,EEQAKTFLDKFNHEAEDLFYQSSGLGKGDFR,3600.0,Mammalian,Low
243,EEQAKTFLDKFNHEAEDLFYQSSLASWNYNTNITEE,3600.0,Mammalian,Low
244,EEQAKTFLDKFNHEAEDLFYQSSLASWNYNTNITEE,1800.0,Yeast,Low
245,EEQKTQLKNKIEIDWTKMELEQDWSKIYKEI,3600.0,Mammalian,Low
246,EEQKTQLKNKIEIDWTKMELEQDWSKIYKEI,1800.0,Yeast,Low
247,EF,3600.0,Mammalian,Low
248,EF,1800.0,Yeast,Low
249,EFVFLM,3600.0,Mammalian,Low
250,EFVFLM,1800.0,Yeast,Low
251,EFWRWTEQLASNYWILEY,1800.0,Yeast,Low
252,EFWRWTEQLASNYWILEY,3600.0,Mammalian,Low
253,EGPTLGNWAREIWATLFKKA,1800.0,Yeast,Low
254,EGPTLGNWAREIWATLFKKA,3600.0,Mammalian,Low
255,EISKINTTLLDLSDEMAMLLQEVVKQLNDSYIDLKEL,3600.0,Mammalian,Low
256,EISKINTTLLDLSDEMAMLLQEVVKQLNDSYIDLKEL,1800.0,Yeast,Low
257,EIWATLFKKATRQCRRGRIW,1800.0,Yeast,Low
258,EIWATLFKKATRQCRRGRIW,3600.0,Mammalian,Low
259,ELDSFKEELDKYFKNHTSPDVDLGDISGINASVVNIQKEIDRLNEVAKNLNESLIDLQEL,3600.0,Mammalian,Low
260,ELDSFKEELDKYFKNHTSPDVDLGDISGINASVVNIQKEIDRLNEVAKNLNESLIDLQEL,1800.0,Yeast,Low
261,ELDSFKEELDKYFKNHTSPDVDLGDISGINASVVNIQKEIDRLNEVAKNLNESLIDLQELGKYEQYIK,3600.0,Mammalian,Low
262,ELDSFKEELDKYFKNHTSPDVDLGDISGINASVVNIQKEIDRLNEVAKNLNESLIDLQELGKYEQYIK,1800.0,Yeast,Low
263,ELDSPKEELDKYFKNHTSPDVDLGDISGINASVVNIQKEIDRLNEVAKNLNESLID,3600.0,Mammalian,Low
264,ELDSPKEELDKYFKNHTSPDVDLGDISGINASVVNIQKEIDRLNEVAKNLNESLID,1800.0,Yeast,Low
265,ELDSPKEELDKYFKNHTSPDVDLGDISGINASVVNIQKEIDRLNEVAKNLNESLIDLQELGKYE,3600.0,Mammalian,Low
266,ELDSPKEELDKYFKNHTSPDVDLGDISGINASVVNIQKEIDRLNEVAKNLNESLIDLQELGKYE,1800.0,Yeast,Low
267,ELEEQVMHVLDQVSELAHELLHKLTGEELERAAYFNWWATEMMLELIKSDDEREIREIEEEARRILEHLEELARK,3600.0,Mammalian,Low
268,ELEEQVMHVLDQVSELAHELLHKLTGEELERAAYFNWWATEMMLELIKSDDEREIREIEEEARRILEHLEELARK,1800.0,Yeast,Low
269,ELKWESEFWRWTEQLASN,3600.0,Mammalian,Low
270,ELKWESEFWRWTEQLASN,1800.0,Yeast,Low
271,ELVNQIIEQLIKKEKVYLAW,3600.0,Mammalian,Low
272,ELVNQIIEQLIKKEKVYLAW,1800.0,Yeast,Low
273,EMTWEEWEKKIEEYIKKIEEILKKSQNQQIDL,1800.0,Yeast,Low
274,EMTWEEWEKKIEEYIKKIEEILKKSQNQQIDL,3600.0,Mammalian,Low
275,EMTWEEWEKKIEEYTKKIEEILKKSQNQQIDL,1800.0,Yeast,Low
276,EMTWEEWEKKIEEYTKKIEEILKKSQNQQIDL,3600.0,Mammalian,Low
277,EQLASNYWILEYLWKVPF,3600.0,Mammalian,Low
278,EQLASNYWILEYLWKVPF,1800.0,Yeast,Low
279,EQVDKLVSAGIRKVLFLDGI,3600.0,Mammalian,Low
280,EQVDKLVSAGIRKVLFLDGI,1800.0,Yeast,Low
281,EQVLKAVTNVLSPVFPGGET,3600.0,Mammalian,Low
282,EQVLKAVTNVLSPVFPGGET,1800.0,Yeast,Low
283,ESAIRKAILGHIVSP,3600.0,Mammalian,Low
284,ESAIRKAILGHIVSP,1800.0,Yeast,Low
285,ESEFWRWTEQLASNYWIL,1800.0,Yeast,Low
286,ESEFWRWTEQLASNYWIL,3600.0,Mammalian,Low
287,ESELVSQIIEQLIKK,1800.0,Yeast,Low
288,ESELVSQIIEQLIKK,3600.0,Mammalian,Low
289,ESTHPRISSEVHIPL,3600.0,Mammalian,Low
290,ESTHPRISSEVHIPL,1800.0,Yeast,Low
291,ETWETWWTEYWQATWIPEWE,3600.0,Mammalian,Low
292,ETWETWWTEYWQATWIPEWE,1800.0,Yeast,Low
293,EWDREINNYTSLIHSLIEESQNQQEKNEQELLELDKWASLW,1800.0,Yeast,Low
294,EWDREINNYTSLIHSLIEESQNQQEKNEQELLELDKWASLW,3600.0,Mammalian,Low
295,EWVRLGRELLRRLKEPFE,3600.0,Mammalian,Low
296,EWVRLGRELLRRLKEPFE,1800.0,Yeast,Low
297,EWVRLGRELLRRLKEPFT,1800.0,Yeast,Low
298,EWVRLGRELLRRLKEPFT,3600.0,Mammalian,Low
299,EYLWKVPFDFWRGVISLT,1800.0,Yeast,Low
300,EYLWKVPFDFWRGVISLT,3600.0,Mammalian,Low
301,FAIAIKAIKKAIKKIKKAIKKAI,3960.000000000001,Mammalian,Low
302,FAIAIKAIKKAIKKIKKAIKKAI,120.0,E_coli,Low
303,FAIAIKAIKKAIKKIKKAIKKAI,180.0,Yeast,Low
304,FAIKWEYVLLLFLL,3960.000000000001,Mammalian,Low
305,FAIKWEYVLLLFLL,180.0,Yeast,Low
306,FAIKWEYVLLLFLL,120.0,E_coli,Low
307,FAKKFAKKFKKFAKKFAKFAFAF,180.0,Yeast,Low
308,FAKKFAKKFKKFAKKFAKFAFAF,120.0,E_coli,Low
309,FAKKFAKKFKKFAKKFAKFAFAF,3960.000000000001,Mammalian,Low
310,FALALKALKKALKKLKKALKKAL,180.0,Yeast,Low
311,FALALKALKKALKKLKKALKKAL,120.0,E_coli,Low
312,FALALKALKKALKKLKKALKKAL,3960.000000000001,Mammalian,Low
313,FAVAVKAVAVKAVAVKAVKKAVKKVKKAVKKAVKKKK,3960.000000000001,Mammalian,Low
314,FAVAVKAVAVKAVAVKAVKKAVKKVKKAVKKAVKKKK,120.0,E_coli,Low
315,FAVAVKAVAVKAVAVKAVKKAVKKVKKAVKKAVKKKK,180.0,Yeast,Low
316,FAVGLRAIKRALKKLRRGVRKVAKDL,180.0,Yeast,Low
317,FAVGLRAIKRALKKLRRGVRKVAKDL,120.0,E_coli,Low
318,FAVGLRAIKRALKKLRRGVRKVAKDL,3960.000000000001,Mammalian,Low
319,FCQAIGWGDPITHWSHGQ,120.0,E_coli,Low
320,FCQAIGWGDPITHWSHGQ,3960.000000000001,Mammalian,Low
321,FCQAIGWGDPITHWSHGQ,180.0,Yeast,Low
322,FDFWRGVISLTPLLVCVA,180.0,Yeast,Low
323,FDFWRGVISLTPLLVCVA,3960.000000000001,Mammalian,Low
324,FDFWRGVISLTPLLVCVA,120.0,E_coli,Low
325,FFHHIFRGIVHVGKTIHKLVTG,180.0,Yeast,Low
326,FFHHIFRGIVHVGKTIHKLVTG,3960.000000000001,Mammalian,Low
327,FFHHIFRGIVHVGKTIHKLVTG,120.0,E_coli,Low
328,FFHHIFRGIVHVGKTIHRLVTG,180.0,Yeast,Low
329,FFHHIFRGIVHVGKTIHRLVTG,3960.000000000001,Mammalian,Low
330,FFHHIFRGIVHVGKTIHRLVTG,120.0,E_coli,Low
331,FFVIFYRRKK,3960.000000000001,Mammalian,Low
332,FFVIFYRRKK,120.0,E_coli,Low
333,FFVIFYRRKK,180.0,Yeast,Low
334,FGCTWMNSTGFTKTC,120.0,E_coli,Low
335,FGCTWMNSTGFTKTC,180.0,Yeast,Low
336,FGCTWMNSTGFTKTC,3960.000000000001,Mammalian,Low
337,FGVSGHGQHGVHG,180.0,Yeast,Low
338,FGVSGHGQHGVHG,120.0,E_coli,Low
339,FGVSGHGQHGVHG,3960.000000000001,Mammalian,Low
340,FHCQRTQSQPGSWFRAISSWKQ,120.0,E_coli,Low
341,FHCQRTQSQPGSWFRAISSWKQ,180.0,Yeast,Low
342,FHCQRTQSQPGSWFRAISSWKQ,3960.000000000001,Mammalian,Low
343,FIHFRIGCQHSRIGI,120.0,E_coli,Low
344,FIHFRIGCQHSRIGI,3960.000000000001,Mammalian,Low
345,FIHFRIGCQHSRIGI,180.0,Yeast,Low
346,FIHHIFRGIVHAGRSIGRFLTG,180.0,Yeast,Low
347,FIHHIFRGIVHAGRSIGRFLTG,3960.000000000001,Mammalian,Low
348,FIHHIFRGIVHAGRSIGRFLTG,120.0,E_coli,Low
349,FIKRIARLLRKIF,120.0,E_coli,Low
350,FIKRIARLLRKIF,180.0,Yeast,Low
351,FIKRIARLLRKIF,3960.000000000001,Mammalian,Low
352,FILAFLGWIGAIVSTALP,120.0,E_coli,Low
353,FILAFLGWIGAIVSTALP,3960.000000000001,Mammalian,Low
354,FILAFLGWIGAIVSTALP,180.0,Yeast,Low
355,FINGRWDSQCHRFSNGAIACA,3960.000000000001,Mammalian,Low
356,FINGRWDSQCHRFSNGAIACA,120.0,E_coli,Low
357,FINGRWDSQCHRFSNGAIACA,180.0,Yeast,Low
358,FKLRAKIKVRLRAKIKL,3960.000000000001,Mammalian,Low
359,FKLRAKIKVRLRAKIKL,120.0,E_coli,Low
360,FKLRAKIKVRLRAKIKL,180.0,Yeast,Low
361,FKNHTSPDVDLGDISGINASVVNIQKEIDRLNEVAKNLNESLIDLQELGKYE,3960.000000000001,Mammalian,Low
362,FKNHTSPDVDLGDISGINASVVNIQKEIDRLNEVAKNLNESLIDLQELGKYE,120.0,E_coli,Low
363,FKNHTSPDVDLGDISGINASVVNIQKEIDRLNEVAKNLNESLIDLQELGKYE,180.0,Yeast,Low
364,FKRIVQRIKDFLR,120.0,E_coli,Low
365,FKRIVQRIKDFLR,3960.000000000001,Mammalian,Low
366,FKRIVQRIKDFLR,180.0,Yeast,Low
367,FKVKAKVKAKVKAKVKAKKKK,180.0,Yeast,Low
368,FKVKAKVKAKVKAKVKAKKKK,3960.000000000001,Mammalian,Low
369,FKVKAKVKAKVKAKVKAKKKK,120.0,E_coli,Low
370,FLAAARIAKRVAKKARKLAKRAARKRK,180.0,Yeast,Low
371,FLAAARIAKRVAKKARKLAKRAARKRK,3960.000000000001,Mammalian,Low
372,FLAAARIAKRVAKKARKLAKRAARKRK,120.0,E_coli,Low
373,FLFAFRIFKRVFKKFRKLFKRAF,3960.000000000001,Mammalian,Low
374,FLFAFRIFKRVFKKFRKLFKRAF,120.0,E_coli,Low
375,FLFAFRIFKRVFKKFRKLFKRAF,180.0,Yeast,Low
376,FLFPLITSFLSKVL,3960.000000000001,Mammalian,Low
377,FLFPLITSFLSKVL,120.0,E_coli,Low
378,FLFPLITSFLSKVL,180.0,Yeast,Low
379,FLGAILKIGHALAKTVLPMVTNAFKPKQ,120.0,E_coli,Low
380,FLGAILKIGHALAKTVLPMVTNAFKPKQ,180.0,Yeast,Low
381,FLGAILKIGHALAKTVLPMVTNAFKPKQ,3960.000000000001,Mammalian,Low
382,FLGFLKNLF,120.0,E_coli,Low
383,FLGFLKNLF,3960.000000000001,Mammalian,Low
384,FLGFLKNLF,180.0,Yeast,Low
385,FLKVPAQNAISTTFPYT,180.0,Yeast,Low
386,FLKVPAQNAISTTFPYT,120.0,E_coli,Low
387,FLKVPAQNAISTTFPYT,3960.000000000001,Mammalian,Low
388,FLPLILPANTI-SIVTALSSFLKQG,180.0,Yeast,Low
389,FLPLILPANTI-SIVTALSSFLKQG,3960.000000000001,Mammalian,Low
390,FLPLILPANTI-SIVTALSSFLKQG,120.0,E_coli,Low
391,FLYTAFAMQELGCNQNQFFC,120.0,E_coli,Low
392,FLYTAFAMQELGCNQNQFFC,3960.000000000001,Mammalian,Low
393,FLYTAFAMQELGCNQNQFFC,180.0,Yeast,Low
394,FNATYLNLTGEIDDLEFRSEKLHNTTVELAILIDNI,3960.000000000001,Mammalian,Low
395,FNATYLNLTGEIDDLEFRSEKLHNTTVELAILIDNI,180.0,Yeast,Low
396,FNATYLNLTGEIDDLEFRSEKLHNTTVELAILIDNI,120.0,E_coli,Low
397,FNATYLNLTGEIDDLEFRSEKLHNTTVELAILIDNINNTLVNL,120.0,E_coli,Low
398,FNATYLNLTGEIDDLEFRSEKLHNTTVELAILIDNINNTLVNL,180.0,Yeast,Low
399,FNATYLNLTGEIDDLEFRSEKLHNTTVELAILIDNINNTLVNL,3960.000000000001,Mammalian,Low
400,FNATYLNLTGEIDDLEFRSEKLHNTTVELAILIDNINNTLVNLEWLNRIE,120.0,E_coli,Low
401,FNATYLNLTGEIDDLEFRSEKLHNTTVELAILIDNINNTLVNLEWLNRIE,3960.000000000001,Mammalian,Low
402,FNATYLNLTGEIDDLEFRSEKLHNTTVELAILIDNINNTLVNLEWLNRIE,180.0,Yeast,Low
403,FNESTR,180.0,Yeast,Low
404,FNESTR,3960.000000000001,Mammalian,Low
405,FNESTR,120.0,E_coli,Low
406,FNESTRKKIE,120.0,E_coli,Low
407,FNESTRKKIE,180.0,Yeast,Low
408,FNESTRKKIE,3960.000000000001,Mammalian,Low
409,FNESTRKKIE KIRPLLVEGT,120.0,E_coli,Low
410,FNESTRKKIE KIRPLLVEGT,180.0,Yeast,Low
411,FNESTRKKIE KIRPLLVEGT,3960.000000000001,Mammalian,Low
412,FNMTKAVEMVNIAGNWSCTS,120.0,E_coli,Low
413,FNMTKAVEMVNIAGNWSCTS,180.0,Yeast,Low
414,FNMTKAVEMVNIAGNWSCTS,3960.000000000001,Mammalian,Low
415,FNVALDQVFESIENSQALVDQSNRILSSAEKGNTG,120.0,E_coli,Low
416,FNVALDQVFESIENSQALVDQSNRILSSAEKGNTG,180.0,Yeast,Low
417,FNVALDQVFESIENSQALVDQSNRILSSAEKGNTG,3960.000000000001,Mammalian,Low
418,FRFKIKFRLKFRFKARFKFRAKFRA,180.0,Yeast,Low
419,FRFKIKFRLKFRFKARFKFRAKFRA,120.0,E_coli,Low
420,FRFKIKFRLKFRFKARFKFRAKFRA,3960.000000000001,Mammalian,Low
421,FRKQNPDIVIYQYMD,3960.000000000001,Mammalian,Low
422,FRKQNPDIVIYQYMD,180.0,Yeast,Low
423,FRKQNPDIVIYQYMD,120.0,E_coli,Low
424,FRPALIVRTKGTRL,180.0,Yeast,Low
425,FRPALIVRTKGTRL,3960.000000000001,Mammalian,Low
426,FRPALIVRTKGTRL,120.0,E_coli,Low
427,FVFLM,120.0,E_coli,Low
428,FVFLM,180.0,Yeast,Low
429,FVFLM,3960.000000000001,Mammalian,Low
430,FWFTLIKTQAKQPARYRRFC,120.0,E_coli,Low
431,FWFTLIKTQAKQPARYRRFC,3960.000000000001,Mammalian,Low
432,FWFTLIKTQAKQPARYRRFC,180.0,Yeast,Low
433,FWRGVISLTPLLVCVAAL,180.0,Yeast,Low
434,FWRGVISLTPLLVCVAAL,3960.000000000001,Mammalian,Low
435,FWRGVISLTPLLVCVAAL,120.0,E_coli,Low
436,FWRWTEQLASNYWILEYL,120.0,E_coli,Low
437,FWRWTEQLASNYWILEYL,3960.000000000001,Mammalian,Low
438,FWRWTEQLASNYWILEYL,180.0,Yeast,Low
439,FYTTTGIGYQPY,3960.000000000001,Mammalian,Low
440,FYTTTGIGYQPY,120.0,E_coli,Low
441,FYTTTGIGYQPY,180.0,Yeast,Low
540,HFPRIWLHSLGQHIY,12600.0,Mammalian,Medium
541,HFPRIWLHSLGQHIY,600.0,Yeast,Low
542,HGNITLGEWYNQTKDLQQKF,600.0,Yeast,Low
543,HGNITLGEWYNQTKDLQQKF,12600.0,Mammalian,Medium
544,HGQHGVHG,600.0,Yeast,Low
545,HGQHGVHG,12600.0,Mammalian,Medium
546,HGQNRWPLSCPQYVYGSV,12600.0,Mammalian,Medium
547,HGQNRWPLSCPQYVYGSV,600.0,Yeast,Low
548,HGVHG,12600.0,Mammalian,Medium
549,HGVHG,600.0,Yeast,Low
550,HGVSGHG,12600.0,Mammalian,Medium
551,HGVSGHG,600.0,Yeast,Low
552,HGVSGHGQ,600.0,Yeast,Low
553,HGVSGHGQ,12600.0,Mammalian,Medium
554,HGVSGHGQHG,600.0,Yeast,Low
555,HGVSGHGQHG,12600.0,Mammalian,Medium
556,HGVSGHGQHGV,12600.0,Mammalian,Medium
557,HGVSGHGQHGV,600.0,Yeast,Low
558,HKILGYTVIAMPEVEGEEIQ,600.0,Yeast,Low
559,HKILGYTVIAMPEVEGEEIQ,12600.0,Mammalian,Medium
560,HRALMRIRQMMT,600.0,Yeast,Low
561,HRALMRIRQMMT,12600.0,Mammalian,Medium
562,HRIAMRIRQMMT,12600.0,Mammalian,Medium
563,HRIAMRIRQMMT,600.0,Yeast,Low
564,HRILARIRQMMT,600.0,Yeast,Low
565,HRILARIRQMMT,12600.0,Mammalian,Medium
566,HRILMRARQMMT,600.0,Yeast,Low
567,HRILMRARQMMT,12600.0,Mammalian,Medium
568,HRILMRIAQMMT,600.0,Yeast,Low
569,HRILMRIAQMMT,12600.0,Mammalian,Medium
570,HRILMRIR,12600.0,Mammalian,Medium
571,HRILMRIR,600.0,Yeast,Low
572,HRILMRIRAMMT,600.0,Yeast,Low
573,HRILMRIRAMMT,12600.0,Mammalian,Medium
574,HRILMRIRQAMT,600.0,Yeast,Low
575,HRILMRIRQAMT,12600.0,Mammalian,Medium
576,HRILMRIRQMAT,600.0,Yeast,Low
577,HRILMRIRQMAT,12600.0,Mammalian,Medium
578,HRILMRIRQMMA,600.0,Yeast,Low
579,HRILMRIRQMMA,12600.0,Mammalian,Medium
580,HRRYFTFGGGYVYF,600.0,Yeast,Low
581,HRRYFTFGGGYVYF,12600.0,Mammalian,Medium
582,HSLIEESQNQQEKNEQELLELDKWASLWNWFNITNW,12600.0,Mammalian,Medium
583,HSLIEESQNQQEKNEQELLELDKWASLWNWFNITNW,600.0,Yeast,Low
584,HTGERDWHLGQGVSI,12600.0,Mammalian,Medium
585,HTGERDWHLGQGVSI,600.0,Yeast,Low
586,HVDKKVADKVLLLKQLRIMRLLTRL,12600.0,Mammalian,Medium
587,HVDKKVADKVLLLKQLRIMRLLTRL,600.0,Yeast,Low
588,HVMLALATVLSIAGAGTGATAI,600.0,Yeast,Low
589,HVMLALATVLSIAGAGTGATAI,12600.0,Mammalian,Medium
590,IAEIQKQGQGQWTYQIYQEP,1800.0,Yeast,Low
592,IDISIELNKAKSDLEESKEWIRRSNQKLDSIGNWH,1800.0,Yeast,Low
594,IEVTFVNRRGDGAELWYLSA,1800.0,Yeast,Low
595,IGLKVEAMEKFLYTAFAMQE,1800.0,Yeast,Low
597,IGNIPQYLKGLLGGILGIGL,1800.0,Yeast,Low
600,IGVTVI,1800.0,Yeast,Low
601,IGVTVIKNNMI,1800.0,Yeast,Low
604,IHAEIKNSLKIDNLDVNRCIEAL,1800.0,Yeast,Low
606,IKKEKVYLAWVPAHKGIGN,1800.0,Yeast,Low
607,IKWEYVLLLFLL,1800.0,Yeast,Low
610,ILEYLWKVPFDFWRGVIS,1800.0,Yeast,Low
611,ILGPVLGLVSDTLDDVLGIL,1800.0,Yeast,Low
613,ILGPVLGLVSRTLRRVLGIL,1800.0,Yeast,Low
615,ILMCFS,1800.0,Yeast,Low
617,ILMCFSI,1800.0,Yeast,Low
619,ILMCFSID,1800.0,Yeast,Low
622,ILMCFSIDS,1800.0,Yeast,Low
623,ILMCFSIDSP,1800.0,Yeast,Low
626,ILMCFSIDSPD,1800.0,Yeast,Low
628,ILMCFSIDSPDS,1800.0,Yeast,Low
629,ILMCFSIDSPDSL,1800.0,Yeast,Low
632,ILMCFSIDSPDSLE,1800.0,Yeast,Low
633,ILMCFSIDSPDSLEN,1800.0,Yeast,Low
636,ILMCFSIDSPDSLENI,1800.0,Yeast,Low
638,INLKAIAALAKKLL,1800.0,Yeast,Low
640,IPLRGAFINGRWDSQCHRFS,1800.0,Yeast,Low
641,IQAQPDQSESELVNQIIEQL,1800.0,Yeast,Low
643,IQKEIDRLNEVAKNLNESLIDLQELGK,1800.0,Yeast,Low
644,IRILQQLLFIHFRIG,1800.0,Yeast,Low
646,ISGINASVVNIQKEIDRLNEVAKNLNESLIDLQEL,1800.0,Yeast,Low
649,ISLTPLLVCVAALLLLEQ,1800.0,Yeast,Low
651,IWLTALKFLGKHAAKHLAKQQLSKL,1800.0,Yeast,Low
652,KAAKKAAKAAKKAAKWAKKAA,4680.0,Mammalian,Low
653,KAAKKAAKAAKKAAKWAKKAA,120.0,E_coli,Low
654,KAAKKAAKAAKKAAKWAKKAA,180.0,Yeast,Low
655,KAAKKAAKWAKKAAKWAKKAA,120.0,E_coli,Low
656,KAAKKAAKWAKKAAKWAKKAA,4680.0,Mammalian,Low
657,KAAKKAAKWAKKAAKWAKKAA,180.0,Yeast,Low
658,KAKAKAKAKAKAKAKAKAKAK,4680.0,Mammalian,Low
659,KAKAKAKAKAKAKAKAKAKAK,120.0,E_coli,Low
660,KAKAKAKAKAKAKAKAKAKAK,180.0,Yeast,Low
661,KANEGLTWNSLKDK,180.0,Yeast,Low
662,KANEGLTWNSLKDK,120.0,E_coli,Low
663,KANEGLTWNSLKDK,4680.0,Mammalian,Low
664,KCQLKGEAMHGQVDC,4680.0,Mammalian,Low
665,KCQLKGEAMHGQVDC,120.0,E_coli,Low
666,KCQLKGEAMHGQVDC,180.0,Yeast,Low
667,KDLKVVAATYVKKK,4680.0,Mammalian,Low
668,KDLKVVAATYVKKK,120.0,E_coli,Low
669,KDLKVVAATYVKKK,180.0,Yeast,Low
670,KEN,4680.0,Mammalian,Low
671,KEN,180.0,Yeast,Low
672,KEN,120.0,E_coli,Low
673,KFDSLVECIWDWIDRLWS,120.0,E_coli,Low
674,KFDSLVECIWDWIDRLWS,4680.0,Mammalian,Low
675,KFDSLVECIWDWIDRLWS,180.0,Yeast,Low
676,KFFRKKSVKK,120.0,E_coli,Low
677,KFFRKKSVKK,4680.0,Mammalian,Low
678,KFFRKKSVKK,180.0,Yeast,Low
679,KFRRQRPRLSHKGPMPF,120.0,E_coli,Low
680,KFRRQRPRLSHKGPMPF,180.0,Yeast,Low
681,KFRRQRPRLSHKGPMPF,4680.0,Mammalian,Low
682,KGEAMHGQVDCSPGI,180.0,Yeast,Low
683,KGEAMHGQVDCSPGI,120.0,E_coli,Low
684,KGEAMHGQVDCSPGI,4680.0,Mammalian,Low
685,KGEAMHGQVDCSPGIWQLDC,120.0,E_coli,Low
686,KGEAMHGQVDCSPGIWQLDC,180.0,Yeast,Low
687,KGEAMHGQVDCSPGIWQLDC,4680.0,Mammalian,Low
688,KGRGKQGGKVRAKAKTRSS,180.0,Yeast,Low
689,KGRGKQGGKVRAKAKTRSS,120.0,E_coli,Low
690,KGRGKQGGKVRAKAKTRSS,4680.0,Mammalian,Low
691,KGVSGHGQHGVHG,180.0,Yeast,Low
692,KGVSGHGQHGVHG,4680.0,Mammalian,Low
693,KGVSGHGQHGVHG,120.0,E_coli,Low
694,KILEPFRKQNPDIVIYQYMD,4680.0,Mammalian,Low
695,KILEPFRKQNPDIVIYQYMD,180.0,Yeast,Low
696,KILEPFRKQNPDIVIYQYMD,120.0,E_coli,Low
697,KIRPLLVEGT,180.0,Yeast,Low
698,KIRPLLVEGT,4680.0,Mammalian,Low
699,KIRPLLVEGT,120.0,E_coli,Low
700,KKIKPPLPSVTKLTE,120.0,E_coli,Low
701,KKIKPPLPSVTKLTE,180.0,Yeast,Low
702,KKIKPPLPSVTKLTE,4680.0,Mammalian,Low
703,KKKKAVAATYVLV,4680.0,Mammalian,Low
704,KKKKAVAATYVLV,180.0,Yeast,Low
705,KKKKAVAATYVLV,120.0,E_coli,Low
706,KKKKEVAATYVLV,180.0,Yeast,Low
707,KKKKEVAATYVLV,4680.0,Mammalian,Low
708,KKKKEVAATYVLV,120.0,E_coli,Low
709,KKKKFVAATYVLV,120.0,E_coli,Low
710,KKKKFVAATYVLV,180.0,Yeast,Low
711,KKKKFVAATYVLV,4680.0,Mammalian,Low
712,KKKKFVKKVAKKVKKVAKKVAKVAVAV,180.0,Yeast,Low
713,KKKKFVKKVAKKVKKVAKKVAKVAVAV,120.0,E_coli,Low
714,KKKKFVKKVAKKVKKVAKKVAKVAVAV,4680.0,Mammalian,Low
715,KKKKLLAAFLFFF,120.0,E_coli,Low
716,KKKKLLAAFLFFF,180.0,Yeast,Low
717,KKKKLLAAFLFFF,4680.0,Mammalian,Low
718,KKKKLLAPFLFFF,120.0,E_coli,Low
719,KKKKLLAPFLFFF,180.0,Yeast,Low
720,KKKKLLAPFLFFF,4680.0,Mammalian,Low
721,KKKKLLAPFLFFV,4680.0,Mammalian,Low
722,KKKKLLAPFLFFV,180.0,Yeast,Low
723,KKKKLLAPFLFFV,120.0,E_coli,Low
724,KKKKLLAPFLVFF,4680.0,Mammalian,Low
725,KKKKLLAPFLVFF,120.0,E_coli,Low
726,KKKKLLAPFLVFF,180.0,Yeast,Low
727,KKKKLLLAFLFFF,120.0,E_coli,Low
728,KKKKLLLAFLFFF,180.0,Yeast,Low
729,KKKKLLLAFLFFF,4680.0,Mammalian,Low
730,KKKKLLLAFLFFV,120.0,E_coli,Low
731,KKKKLLLAFLFFV,180.0,Yeast,Low
732,KKKKLLLAFLFFV,4680.0,Mammalian,Low
733,KKKKLLLAFLFLF,120.0,E_coli,Low
734,KKKKLLLAFLFLF,180.0,Yeast,Low
735,KKKKLLLAFLFLF,4680.0,Mammalian,Low
736,KKKKLLLAFYFFF,180.0,Yeast,Low
737,KKKKLLLAFYFFF,4680.0,Mammalian,Low
738,KKKKLLLAFYFFF,120.0,E_coli,Low
739,KKKKLLLATLFFF,180.0,Yeast,Low
740,KKKKLLLATLFFF,4680.0,Mammalian,Low
741,KKKKLLLATLFFF,120.0,E_coli,Low
742,KKKKLLLPFLFFF,120.0,E_coli,Low
743,KKKKLLLPFLFFF,4680.0,Mammalian,Low
744,KKKKLLLPFLFFF,180.0,Yeast,Low
745,KKKKLLLPFLFLF,180.0,Yeast,Low
746,KKKKLLLPFLFLF,4680.0,Mammalian,Low
747,KKKKLLLPFLFLF,120.0,E_coli,Low
748,KKKKLLLPFLVLF,4680.0,Mammalian,Low
749,KKKKLLLPFLVLF,120.0,E_coli,Low
750,KKKKLLLPFLVLF,180.0,Yeast,Low
751,KKKKLLLPFYFFF,120.0,E_coli,Low
752,KKKKLLLPFYFFF,180.0,Yeast,Low
753,KKKKLLLPFYFFF,4680.0,Mammalian,Low
754,KKKKLLLPFYFLF,120.0,E_coli,Low
755,KKKKLLLPFYFLF,180.0,Yeast,Low
756,KKKKLLLPFYFLF,4680.0,Mammalian,Low
757,KKKKLLLPTLFFV,180.0,Yeast,Low
758,KKKKLLLPTLFFV,120.0,E_coli,Low
759,KKKKLLLPTLFFV,4680.0,Mammalian,Low
760,KKKKLLLPTLVFF,120.0,E_coli,Low
761,KKKKLLLPTLVFF,180.0,Yeast,Low
762,KKKKLLLPTLVFF,4680.0,Mammalian,Low
763,KKKKLLLPTYFFF,180.0,Yeast,Low
764,KKKKLLLPTYFFF,120.0,E_coli,Low
765,KKKKLLLPTYFFF,4680.0,Mammalian,Low
766,KKKKLVAAFYVLV,4680.0,Mammalian,Low
767,KKKKLVAAFYVLV,120.0,E_coli,Low
768,KKKKLVAAFYVLV,180.0,Yeast,Low
769,KKKKLVAATYVFV,120.0,E_coli,Low
770,KKKKLVAATYVFV,180.0,Yeast,Low
771,KKKKLVAATYVFV,4680.0,Mammalian,Low
772,KKKKLVAATYVLF,120.0,E_coli,Low
773,KKKKLVAATYVLF,4680.0,Mammalian,Low
774,KKKKLVAATYVLF,180.0,Yeast,Low
775,KKKKLVAPFLFFF,180.0,Yeast,Low
776,KKKKLVAPFLFFF,4680.0,Mammalian,Low
777,KKKKLVAPFLFFF,120.0,E_coli,Low
778,KKKKLVLAFLFFF,180.0,Yeast,Low
779,KKKKLVLAFLFFF,120.0,E_coli,Low
780,KKKKLVLAFLFFF,4680.0,Mammalian,Low
781,KKKKLVLATYVLV,180.0,Yeast,Low
782,KKKKLVLATYVLV,4680.0,Mammalian,Low
783,KKKKLVLATYVLV,120.0,E_coli,Low
784,KKKKLVLPFLFFF,120.0,E_coli,Low
785,KKKKLVLPFLFFF,180.0,Yeast,Low
786,KKKKLVLPFLFFF,4680.0,Mammalian,Low
787,KKKKLVLPFLFFV,4680.0,Mammalian,Low
788,KKKKLVLPFLFFV,180.0,Yeast,Low
789,KKKKLVLPFLFFV,120.0,E_coli,Low
790,KKKKLVLPFLFVF,180.0,Yeast,Low
791,KKKKLVLPFLFVF,120.0,E_coli,Low
792,KKKKLVLPFLFVF,4680.0,Mammalian,Low
793,KKKKLVLPFLLFF,180.0,Yeast,Low
794,KKKKLVLPFLLFF,4680.0,Mammalian,Low
795,KKKKLVLPFLLFF,120.0,E_coli,Low
796,KKKKLVLPFYFFF,4680.0,Mammalian,Low
797,KKKKLVLPFYFFF,180.0,Yeast,Low
798,KKKKLVLPFYFFF,120.0,E_coli,Low
799,KKKKLVLPTLFFF,4680.0,Mammalian,Low
800,KKKKLVLPTLFFF,120.0,E_coli,Low
801,KKKKLVLPTLFFF,180.0,Yeast,Low
802,KKKKPVAATYVLV,4680.0,Mammalian,Low
803,KKKKPVAATYVLV,120.0,E_coli,Low
804,KKKKPVAATYVLV,180.0,Yeast,Low
805,KKKKTVAATYVLV,120.0,E_coli,Low
806,KKKKTVAATYVLV,4680.0,Mammalian,Low
807,KKKKTVAATYVLV,180.0,Yeast,Low
808,KKKKVAAATYVLV,180.0,Yeast,Low
809,KKKKVAAATYVLV,120.0,E_coli,Low
810,KKKKVAAATYVLV,4680.0,Mammalian,Low
811,KKKKVFAATYVLV,120.0,E_coli,Low
812,KKKKVFAATYVLV,4680.0,Mammalian,Low
813,KKKKVFAATYVLV,180.0,Yeast,Low
814,KKKKVKAATYVLV,4680.0,Mammalian,Low
815,KKKKVKAATYVLV,120.0,E_coli,Low
816,KKKKVKAATYVLV,180.0,Yeast,Low
817,KKKKVLAATYVLV,120.0,E_coli,Low
818,KKKKVLAATYVLV,4680.0,Mammalian,Low
819,KKKKVLAATYVLV,180.0,Yeast,Low
820,KKKKVLAPFLFFF,120.0,E_coli,Low
821,KKKKVLAPFLFFF,4680.0,Mammalian,Low
822,KKKKVLAPFLFFF,180.0,Yeast,Low
823,KKKKVLAPTYVLV,120.0,E_coli,Low
824,KKKKVLAPTYVLV,4680.0,Mammalian,Low
825,KKKKVLAPTYVLV,180.0,Yeast,Low
826,KKKKVLLPFLFFF,180.0,Yeast,Low
827,KKKKVLLPFLFFF,4680.0,Mammalian,Low
828,KKKKVLLPFLFFF,120.0,E_coli,Low
829,KKKKVLLPFYFFF,4680.0,Mammalian,Low
830,KKKKVLLPFYFFF,120.0,E_coli,Low
831,KKKKVLLPFYFFF,180.0,Yeast,Low
832,KKKKVPAATYVLV,180.0,Yeast,Low
833,KKKKVPAATYVLV,4680.0,Mammalian,Low
834,KKKKVPAATYVLV,120.0,E_coli,Low
835,KKKKVTAATYVLV,180.0,Yeast,Low
836,KKKKVTAATYVLV,4680.0,Mammalian,Low
837,KKKKVTAATYVLV,120.0,E_coli,Low
838,KKKKVVAAAYVLV,120.0,E_coli,Low
839,KKKKVVAAAYVLV,180.0,Yeast,Low
840,KKKKVVAAAYVLV,4680.0,Mammalian,Low
841,KKKKVVAAEYVLV,4680.0,Mammalian,Low
842,KKKKVVAAEYVLV,120.0,E_coli,Low
843,KKKKVVAAEYVLV,180.0,Yeast,Low
844,KKKKVVAAFLVLV,180.0,Yeast,Low
845,KKKKVVAAFLVLV,120.0,E_coli,Low
846,KKKKVVAAFLVLV,4680.0,Mammalian,Low
847,KKKKVVAAFYFLV,4680.0,Mammalian,Low
848,KKKKVVAAFYFLV,180.0,Yeast,Low
849,KKKKVVAAFYFLV,120.0,E_coli,Low
850,KKKKVVAAFYVLF,180.0,Yeast,Low
851,KKKKVVAAFYVLF,4680.0,Mammalian,Low
852,KKKKVVAAFYVLF,120.0,E_coli,Low
853,KKKKVVAAFYVLV,120.0,E_coli,Low
854,KKKKVVAAFYVLV,180.0,Yeast,Low
855,KKKKVVAAFYVLV,4680.0,Mammalian,Low
856,KKKKVVAAGYVLV,4680.0,Mammalian,Low
857,KKKKVVAAGYVLV,180.0,Yeast,Low
858,KKKKVVAAGYVLV,120.0,E_coli,Low
859,KKKKVVAALYVLV,4680.0,Mammalian,Low
860,KKKKVVAALYVLV,180.0,Yeast,Low
861,KKKKVVAALYVLV,120.0,E_coli,Low
862,KKKKVVAATAVLV,120.0,E_coli,Low
863,KKKKVVAATAVLV,4680.0,Mammalian,Low
864,KKKKVVAATAVLV,180.0,Yeast,Low
865,KKKKVVAATEVLV,180.0,Yeast,Low
866,KKKKVVAATEVLV,4680.0,Mammalian,Low
867,KKKKVVAATEVLV,120.0,E_coli,Low
868,KKKKVVAATFVLV,180.0,Yeast,Low
869,KKKKVVAATFVLV,4680.0,Mammalian,Low
870,KKKKVVAATFVLV,120.0,E_coli,Low
871,KKKKVVAATGVLV,4680.0,Mammalian,Low
872,KKKKVVAATGVLV,120.0,E_coli,Low
873,KKKKVVAATGVLV,180.0,Yeast,Low
874,KKKKVVAATLVLF,180.0,Yeast,Low
875,KKKKVVAATLVLF,120.0,E_coli,Low
876,KKKKVVAATLVLF,4680.0,Mammalian,Low
877,KKKKVVAATTVLV,4680.0,Mammalian,Low
878,KKKKVVAATTVLV,120.0,E_coli,Low
879,KKKKVVAATTVLV,180.0,Yeast,Low
880,KKKKVVAATYFFFA,4680.0,Mammalian,Low
881,KKKKVVAATYFFFA,180.0,Yeast,Low
882,KKKKVVAATYFFFA,120.0,E_coli,Low
883,KKKKVVAATYFLV,4680.0,Mammalian,Low
884,KKKKVVAATYFLV,120.0,E_coli,Low
885,KKKKVVAATYFLV,180.0,Yeast,Low
886,KKKKVVAATYFLVA,4680.0,Mammalian,Low
887,KKKKVVAATYFLVA,180.0,Yeast,Low
888,KKKKVVAATYFLVA,120.0,E_coli,Low
889,KKKKVVAATYKKKK,4680.0,Mammalian,Low
890,KKKKVVAATYKKKK,180.0,Yeast,Low
891,KKKKVVAATYKKKK,120.0,E_coli,Low
892,KKKKVVAATYKKVA,4680.0,Mammalian,Low
893,KKKKVVAATYKKVA,120.0,E_coli,Low
894,KKKKVVAATYKKVA,180.0,Yeast,Low
895,KKKKVVAATYLLV,120.0,E_coli,Low
896,KKKKVVAATYLLV,4680.0,Mammalian,Low
897,KKKKVVAATYLLV,180.0,Yeast,Low
898,KKKKVVAATYVAV,120.0,E_coli,Low
899,KKKKVVAATYVAV,4680.0,Mammalian,Low
900,KKKKVVAATYVAV,180.0,Yeast,Low
901,KKKKVVAATYVFV,120.0,E_coli,Low
902,KKKKVVAATYVFV,180.0,Yeast,Low
903,KKKKVVAATYVFV,4680.0,Mammalian,Low
904,KKKKVVAATYVGV,180.0,Yeast,Low
905,KKKKVVAATYVGV,120.0,E_coli,Low
906,KKKKVVAATYVGV,4680.0,Mammalian,Low
907,KKKKVVAATYVKKA,4680.0,Mammalian,Low
908,KKKKVVAATYVKKA,120.0,E_coli,Low
909,KKKKVVAATYVKKA,180.0,Yeast,Low
910,KKKKVVAATYVLA,4680.0,Mammalian,Low
911,KKKKVVAATYVLA,120.0,E_coli,Low
912,KKKKVVAATYVLA,180.0,Yeast,Low
913,KKKKVVAATYVLF,180.0,Yeast,Low
914,KKKKVVAATYVLF,120.0,E_coli,Low
915,KKKKVVAATYVLF,4680.0,Mammalian,Low
916,KKKKVVAATYVLFA,4680.0,Mammalian,Low
917,KKKKVVAATYVLFA,120.0,E_coli,Low
918,KKKKVVAATYVLFA,180.0,Yeast,Low
919,KKKKVVAATYVLG,4680.0,Mammalian,Low
920,KKKKVVAATYVLG,180.0,Yeast,Low
921,KKKKVVAATYVLG,120.0,E_coli,Low
922,KKKKVVAATYVLL,180.0,Yeast,Low
923,KKKKVVAATYVLL,120.0,E_coli,Low
924,KKKKVVAATYVLL,4680.0,Mammalian,Low
925,KKKKVVAATYVLT,120.0,E_coli,Low
926,KKKKVVAATYVLT,4680.0,Mammalian,Low
927,KKKKVVAATYVLT,180.0,Yeast,Low
928,KKKKVVAATYVLV,120.0,E_coli,Low
929,KKKKVVAATYVLV,180.0,Yeast,Low
930,KKKKVVAATYVLV,4680.0,Mammalian,Low
931,KKKKVVAATYVLVA,4680.0,Mammalian,Low
932,KKKKVVAATYVLVA,120.0,E_coli,Low
933,KKKKVVAATYVLVA,180.0,Yeast,Low
934,KKKKVVAATYVLVF,4680.0,Mammalian,Low
935,KKKKVVAATYVLVF,120.0,E_coli,Low
936,KKKKVVAATYVLVF,180.0,Yeast,Low
937,KKKKVVAATYVPV,180.0,Yeast,Low
938,KKKKVVAATYVPV,4680.0,Mammalian,Low
939,KKKKVVAATYVPV,120.0,E_coli,Low
940,KKKKVVAETYVLV,180.0,Yeast,Low
941,KKKKVVAETYVLV,120.0,E_coli,Low
942,KKKKVVAETYVLV,4680.0,Mammalian,Low
943,KKKKVVAFTYVLV,180.0,Yeast,Low
944,KKKKVVAFTYVLV,120.0,E_coli,Low
945,KKKKVVAFTYVLV,4680.0,Mammalian,Low
946,KKKKVVAGTYVLV,4680.0,Mammalian,Low
947,KKKKVVAGTYVLV,180.0,Yeast,Low
948,KKKKVVAGTYVLV,120.0,E_coli,Low
949,KKKKVVAKTYVLV,180.0,Yeast,Low
950,KKKKVVAKTYVLV,4680.0,Mammalian,Low
951,KKKKVVAKTYVLV,120.0,E_coli,Low
952,KKKKVVAPFYVLV,180.0,Yeast,Low
953,KKKKVVAPFYVLV,4680.0,Mammalian,Low
954,KKKKVVAPFYVLV,120.0,E_coli,Low
955,KKKKVVAPTLVLV,120.0,E_coli,Low
956,KKKKVVAPTLVLV,180.0,Yeast,Low
957,KKKKVVAPTLVLV,4680.0,Mammalian,Low
958,KKKKVVAPTYFLV,120.0,E_coli,Low
959,KKKKVVAPTYFLV,180.0,Yeast,Low
960,KKKKVVAPTYFLV,4680.0,Mammalian,Low
961,KKKKVVAPTYVLF,120.0,E_coli,Low
962,KKKKVVAPTYVLF,180.0,Yeast,Low
963,KKKKVVAPTYVLF,4680.0,Mammalian,Low
964,KKKKVVATTYVLV,4680.0,Mammalian,Low
965,KKKKVVATTYVLV,180.0,Yeast,Low
966,KKKKVVATTYVLV,120.0,E_coli,Low
967,KKKKVVFATYVLV,4680.0,Mammalian,Low
968,KKKKVVFATYVLV,180.0,Yeast,Low
969,KKKKVVFATYVLV,120.0,E_coli,Low
970,KKKKVVGATYVLV,120.0,E_coli,Low
971,KKKKVVGATYVLV,4680.0,Mammalian,Low
972,KKKKVVGATYVLV,180.0,Yeast,Low
973,KKKKVVKATYVLV,180.0,Yeast,Low
974,KKKKVVKATYVLV,4680.0,Mammalian,Low
975,KKKKVVKATYVLV,120.0,E_coli,Low
976,KKKKVVLAFYVLV,180.0,Yeast,Low
977,KKKKVVLAFYVLV,4680.0,Mammalian,Low
978,KKKKVVLAFYVLV,120.0,E_coli,Low
979,KKKKVVLATLVLV,180.0,Yeast,Low
980,KKKKVVLATLVLV,4680.0,Mammalian,Low
981,KKKKVVLATLVLV,120.0,E_coli,Low
982,KKKKVVLATYVLV,180.0,Yeast,Low
983,KKKKVVLATYVLV,4680.0,Mammalian,Low
984,KKKKVVLATYVLV,120.0,E_coli,Low
985,KKKKVVLPFLFFF,120.0,E_coli,Low
986,KKKKVVLPFLFFF,4680.0,Mammalian,Low
987,KKKKVVLPFLFFF,180.0,Yeast,Low
988,KKKKVVTATYVLV,120.0,E_coli,Low
989,KKKKVVTATYVLV,180.0,Yeast,Low
990,KKKKVVTATYVLV,4680.0,Mammalian,Low
991,KKLVAASQAALGL,120.0,E_coli,Low
992,KKLVAASQAALGL,4680.0,Mammalian,Low
993,KKLVAASQAALGL,180.0,Yeast,Low
994,KKVTMTCSAS,120.0,E_coli,Low
995,KKVTMTCSAS,4680.0,Mammalian,Low
996,KKVTMTCSAS,180.0,Yeast,Low
997,KNNMINNDLG,4680.0,Mammalian,Low
998,KPFVFLM,180.0,Yeast,Low
999,KPFVFLM,4680.0,Mammalian,Low
1000,KPFVFLM,120.0,E_coli,Low
1001,KPKQIKPPLPSV,4680.0,Mammalian,Low
1002,KPKQIKPPLPSV,120.0,E_coli,Low
1003,KPKQIKPPLPSV,180.0,Yeast,Low
1004,KQLSYCTDPLQIPLINYTFG,4680.0,Mammalian,Low
1005,KQLSYCTDPLQIPLINYTFG,120.0,E_coli,Low
1006,KQLSYCTDPLQIPLINYTFG,180.0,Yeast,Low
1007,KQLTEAVQKITTEANTI-SIVIWGK,180.0,Yeast,Low
1008,KQLTEAVQKITTEANTI-SIVIWGK,4680.0,Mammalian,Low
1009,KQLTEAVQKITTEANTI-SIVIWGK,120.0,E_coli,Low
1010,KQNAANILRLKESIAATNEAVANTI-HEV,120.0,E_coli,Low
1011,KQNAANILRLKESIAATNEAVANTI-HEV,4680.0,Mammalian,Low
1012,KQNAANILRLKESIAATNEAVANTI-HEV,180.0,Yeast,Low
1013,KQRNRWEWRPDFKSKKVKISLPC,120.0,E_coli,Low
1014,KQRNRWEWRPDFKSKKVKISLPC,180.0,Yeast,Low
1015,KQRNRWEWRPDFKSKKVKISLPC,4680.0,Mammalian,Low
1016,KRIVQRIKDFLR,4680.0,Mammalian,Low
1017,KRIVQRIKDFLR,180.0,Yeast,Low
1018,KRIVQRIKDFLR,120.0,E_coli,Low
1019,KRIVQRIKDFLRNLVPRTES,180.0,Yeast,Low
1020,KRIVQRIKDFLRNLVPRTES,4680.0,Mammalian,Low
1021,KRIVQRIKDFLRNLVPRTES,120.0,E_coli,Low
1022,KRKRAVKRVGRRLKKKLARKIARLGVAF,4680.0,Mammalian,Low
1023,KRKRAVKRVGRRLKKKLARKIARLGVAF,120.0,E_coli,Low
1024,KRKRAVKRVGRRLKKKLARKIARLGVAF,180.0,Yeast,Low
1025,KRKRAVKRVGRRLKKLARKIARLGVAKLAGLRAVKLF,120.0,E_coli,Low
1026,KRKRAVKRVGRRLKKLARKIARLGVAKLAGLRAVKLF,180.0,Yeast,Low
1027,KRKRAVKRVGRRLKKLARKIARLGVAKLAGLRAVKLF,4680.0,Mammalian,Low
1028,KRKRFAKKFLRFLRKVIRFLKRFIRRF,120.0,E_coli,Low
1029,KRKRFAKKFLRFLRKVIRFLKRFIRRF,180.0,Yeast,Low
1030,KRKRFAKKFLRFLRKVIRFLKRFIRRF,4680.0,Mammalian,Low
1031,KRRGGGKLLKLLLKLLLKLLKC,180.0,Yeast,Low
1032,KRRGGGKLLKLLLKLLLKLLKC,4680.0,Mammalian,Low
1033,KRRGGGKLLKLLLKLLLKLLKC,120.0,E_coli,Low
1034,KSETKN,180.0,Yeast,Low
1035,KSETKN,120.0,E_coli,Low
1036,KSETKN,4680.0,Mammalian,Low
1037,KSKKVKISLPCNSTKNLTFA,120.0,E_coli,Low
1038,KSKKVKISLPCNSTKNLTFA,180.0,Yeast,Low
1039,KSKKVKISLPCNSTKNLTFA,4680.0,Mammalian,Low
1040,KTELQAIYLALQDSGLEVNI,4680.0,Mammalian,Low
1041,KTELQAIYLALQDSGLEVNI,180.0,Yeast,Low
1042,KTELQAIYLALQDSGLEVNI,120.0,E_coli,Low
1043,KTTSSIEFARLQFTY,180.0,Yeast,Low
1044,KTTSSIEFARLQFTY,4680.0,Mammalian,Low
1045,KTTSSIEFARLQFTY,120.0,E_coli,Low
1046,KVGSLQYLALAALIT,120.0,E_coli,Low
1047,KVGSLQYLALAALIT,4680.0,Mammalian,Low
1048,KVGSLQYLALAALIT,180.0,Yeast,Low
1049,KVINPEPIVEPFMSKPFALF,4680.0,Mammalian,Low
1050,KVINPEPIVEPFMSKPFALF,120.0,E_coli,Low
1051,KVINPEPIVEPFMSKPFALF,180.0,Yeast,Low
1052,KVPAQNAISTTFPYT,4680.0,Mammalian,Low
1053,KVPAQNAISTTFPYT,120.0,E_coli,Low
1054,KVPAQNAISTTFPYT,180.0,Yeast,Low
1055,KVPFDFWRGVISLTPLLV,4680.0,Mammalian,Low
1056,KVPFDFWRGVISLTPLLV,180.0,Yeast,Low
1057,KVPFDFWRGVISLTPLLV,120.0,E_coli,Low
1058,KWESEFWRWTEQLASNYW,180.0,Yeast,Low
1059,KWESEFWRWTEQLASNYW,120.0,E_coli,Low
1060,KWESEFWRWTEQLASNYW,4680.0,Mammalian,Low
1061,KWEYVLLLFLL,120.0,E_coli,Low
1062,KWEYVLLLFLL,180.0,Yeast,Low
1063,KWEYVLLLFLL,4680.0,Mammalian,Low
1064,KWLCRIWSWISDVLDDFE,120.0,E_coli,Low
1065,KWLCRIWSWISDVLDDFE,180.0,Yeast,Low
1066,KWLCRIWSWISDVLDDFE,4680.0,Mammalian,Low
1067,KWLTEWIPLTAEAEC,180.0,Yeast,Low
1068,KWLTEWIPLTAEAEC,4680.0,Mammalian,Low
1069,KWLTEWIPLTAEAEC,120.0,E_coli,Low
1070,KWLTEWIPLTAEC,180.0,Yeast,Low
1071,KWLTEWIPLTAEC,4680.0,Mammalian,Low
1072,KWLTEWIPLTAEC,120.0,E_coli,Low
1073,KWVRLGRKLLRRLKKPFK,180.0,Yeast,Low
1074,KWVRLGRKLLRRLKKPFK,120.0,E_coli,Low
1075,KWVRLGRKLLRRLKKPFK,4680.0,Mammalian,Low
1076,KWVRLGRKLLRRLKKPFT,180.0,Yeast,Low
1077,KWVRLGRKLLRRLKKPFT,120.0,E_coli,Low
1078,KWVRLGRKLLRRLKKPFT,4680.0,Mammalian,Low
1079,KYAKKAAKYAKKAAKYAKKAA,120.0,E_coli,Low
1080,KYAKKAAKYAKKAAKYAKKAA,4680.0,Mammalian,Low
1081,KYAKKAAKYAKKAAKYAKKAA,180.0,Yeast,Low
1082,LAAIPMSIPPEVKFNKPFVF,120.0,E_coli,Low
1083,LAAIPMSIPPEVKFNKPFVF,19800.0,Mammalian,High
1084,LAAIPMSIPPEVKFNKPFVF,180.0,Yeast,Low
1085,LAQMYPL,120.0,E_coli,Low
1086,LAQMYPL,19800.0,Mammalian,High
1087,LAQMYPL,180.0,Yeast,Low
1088,LASNYWILEYLWKVPFDF,120.0,E_coli,Low
1089,LASNYWILEYLWKVPFDF,180.0,Yeast,Low
1090,LASNYWILEYLWKVPFDF,19800.0,Mammalian,High
1091,LCDCPNGPWVWVPAFCQAVG,180.0,Yeast,Low
1092,LCDCPNGPWVWVPAFCQAVG,19800.0,Mammalian,High
1093,LCDCPNGPWVWVPAFCQAVG,120.0,E_coli,Low
1094,LCLRNWDQGHRP,19800.0,Mammalian,High
1095,LCLRNWDQGHRP,120.0,E_coli,Low
1096,LCLRNWDQGHRP,180.0,Yeast,Low
1097,LDCWVRLGRYLLRRLKTP,120.0,E_coli,Low
1098,LDCWVRLGRYLLRRLKTP,19800.0,Mammalian,High
1099,LDCWVRLGRYLLRRLKTP,180.0,Yeast,Low
1100,LDCWVRLGRYLLRRLKTPFTRL,120.0,E_coli,Low
1101,LDCWVRLGRYLLRRLKTPFTRL,19800.0,Mammalian,High
1102,LDCWVRLGRYLLRRLKTPFTRL,180.0,Yeast,Low
1103,LDKYFKNHTSPDVDLGDISGINASVVNIQKEIDRLNEVAKNLNESLIDLQELGKYE,120.0,E_coli,Low
1104,LDKYFKNHTSPDVDLGDISGINASVVNIQKEIDRLNEVAKNLNESLIDLQELGKYE,19800.0,Mammalian,High
1105,LDKYFKNHTSPDVDLGDISGINASVVNIQKEIDRLNEVAKNLNESLIDLQELGKYE,180.0,Yeast,Low
1106,LDLEYEMKKLEEAIKKLEESYIDLKELGTYEYYVKW,180.0,Yeast,Low
1107,LDLEYEMKKLEEAIKKLEESYIDLKELGTYEYYVKW,120.0,E_coli,Low
1108,LDLEYEMKKLEEAIKKLEESYIDLKELGTYEYYVKW,19800.0,Mammalian,High
1109,LDLSDEMAMLLQEVVKQLNDSYIDLKELGNYTYYNKW,180.0,Yeast,Low
1110,LDLSDEMAMLLQEVVKQLNDSYIDLKELGNYTYYNKW,120.0,E_coli,Low
1111,LDLSDEMAMLLQEVVKQLNDSYIDLKELGNYTYYNKW,19800.0,Mammalian,High
1112,LEAAPMSIPPEVKFNKPFVF,19800.0,Mammalian,High
1113,LEAAPMSIPPEVKFNKPFVF,180.0,Yeast,Low
1114,LEAAPMSIPPEVKFNKPFVF,120.0,E_coli,Low
1115,LEAIAMSIPPEVKFNKPFVF,180.0,Yeast,Low
1116,LEAIAMSIPPEVKFNKPFVF,19800.0,Mammalian,High
1117,LEAIAMSIPPEVKFNKPFVF,120.0,E_coli,Low
1118,LEAIPASIPPEVKFNKPFVF,19800.0,Mammalian,High
1119,LEAIPASIPPEVKFNKPFVF,180.0,Yeast,Low
1120,LEAIPASIPPEVKFNKPFVF,120.0,E_coli,Low
1121,LEAIPMSAPPEVKFNKPFVF,120.0,E_coli,Low
1122,LEAIPMSAPPEVKFNKPFVF,180.0,Yeast,Low
1123,LEAIPMSAPPEVKFNKPFVF,19800.0,Mammalian,High
1124,LEAIPMSIAPEVKFNKPFVF,120.0,E_coli,Low
1125,LEAIPMSIAPEVKFNKPFVF,180.0,Yeast,Low
1126,LEAIPMSIAPEVKFNKPFVF,19800.0,Mammalian,High
1127,LEAIPMSIPAEVKFNKPFVF,180.0,Yeast,Low
1128,LEAIPMSIPAEVKFNKPFVF,120.0,E_coli,Low
1129,LEAIPMSIPAEVKFNKPFVF,19800.0,Mammalian,High
1130,LEAIPMSIPPAVKFNKPFVF,19800.0,Mammalian,High
1131,LEAIPMSIPPAVKFNKPFVF,120.0,E_coli,Low
1132,LEAIPMSIPPAVKFNKPFVF,180.0,Yeast,Low
1133,LEAIPMSIPPEAKFNKPFVF,120.0,E_coli,Low
1134,LEAIPMSIPPEAKFNKPFVF,180.0,Yeast,Low
1135,LEAIPMSIPPEAKFNKPFVF,19800.0,Mammalian,High
1136,LEAIPMSIPPEFLFGKPFVF,180.0,Yeast,Low
1137,LEAIPMSIPPEFLFGKPFVF,19800.0,Mammalian,High
1138,LEAIPMSIPPEFLFGKPFVF,120.0,E_coli,Low
1139,LEAIPMSIPPEVAFAKPFVF,120.0,E_coli,Low
1140,LEAIPMSIPPEVAFAKPFVF,180.0,Yeast,Low
1141,LEAIPMSIPPEVAFAKPFVF,19800.0,Mammalian,High
1142,LEAIPMSIPPEVAFNKPFVF,120.0,E_coli,Low
1143,LEAIPMSIPPEVAFNKPFVF,180.0,Yeast,Low
1144,LEAIPMSIPPEVAFNKPFVF,19800.0,Mammalian,High
1145,LEAIPMSIPPEVFFNKPFVF,120.0,E_coli,Low
1146,LEAIPMSIPPEVFFNKPFVF,19800.0,Mammalian,High
1147,LEAIPMSIPPEVFFNKPFVF,180.0,Yeast,Low
1148,LEAIPMSIPPEVKANKPFVF,120.0,E_coli,Low
1149,LEAIPMSIPPEVKANKPFVF,180.0,Yeast,Low
1150,LEAIPMSIPPEVKANKPFVF,19800.0,Mammalian,High
1151,LEAIPMSIPPEVKFAKPFVF,180.0,Yeast,Low
1152,LEAIPMSIPPEVKFAKPFVF,19800.0,Mammalian,High
1153,LEAIPMSIPPEVKFAKPFVF,120.0,E_coli,Low
1154,LEAIPMSIPPEVKFNAPFVF,19800.0,Mammalian,High
1155,LEAIPMSIPPEVKFNAPFVF,180.0,Yeast,Low
1156,LEAIPMSIPPEVKFNAPFVF,120.0,E_coli,Low
1157,LEAIPMSIPPEVKFNKAFVF,19800.0,Mammalian,High
1158,LEAIPMSIPPEVKFNKAFVF,120.0,E_coli,Low
1159,LEAIPMSIPPEVKFNKAFVF,180.0,Yeast,Low
1160,LEAIPMSIPPEVKFNKPAVF,180.0,Yeast,Low
1161,LEAIPMSIPPEVKFNKPAVF,19800.0,Mammalian,High
1162,LEAIPMSIPPEVKFNKPAVF,120.0,E_coli,Low
1163,LEAIPMSIPPEVKFNKPFAF,180.0,Yeast,Low
1164,LEAIPMSIPPEVKFNKPFAF,19800.0,Mammalian,High
1165,LEAIPMSIPPEVKFNKPFAF,120.0,E_coli,Low
1166,LEAIPMSIPPEVKFNKPFVA,180.0,Yeast,Low
1167,LEAIPMSIPPEVKFNKPFVA,120.0,E_coli,Low
1168,LEAIPMSIPPEVKFNKPFVA,19800.0,Mammalian,High
1169,LEAIPMSIPPEVKFNKPFVF,180.0,Yeast,Low
1170,LEHGSCVTTMAKDKPTL,120.0,E_coli,Low
1171,LEHGSCVTTMAKDKPTL,180.0,Yeast,Low
1172,LEHGSCVTTMAKDKPTL,19800.0,Mammalian,High
1173,LESEVTAIKNALKKTNEAVSTLGNGVRVLATAVRE,180.0,Yeast,Low
1174,LESEVTAIKNALKKTNEAVSTLGNGVRVLATAVRE,19800.0,Mammalian,High
1175,LESEVTAIKNALKKTNEAVSTLGNGVRVLATAVRE,120.0,E_coli,Low
1176,LEYLWKVPFDFWRGVISL,180.0,Yeast,Low
1177,LEYLWKVPFDFWRGVISL,19800.0,Mammalian,High
1178,LEYLWKVPFDFWRGVISL,120.0,E_coli,Low
1179,LEYS,19800.0,Mammalian,High
1180,LEYS,180.0,Yeast,Low
1181,LEYS,120.0,E_coli,Low
1182,LEYSI,120.0,E_coli,Low
1183,LEYSI,180.0,Yeast,Low
1184,LEYSI,19800.0,Mammalian,High
1185,LFYLVPGPGH,19800.0,Mammalian,High
1186,LFYLVPGPGH,120.0,E_coli,Low
1187,LFYLVPGPGH,180.0,Yeast,Low
1188,LGCNQNQFFCKIPLELWTRY,180.0,Yeast,Low
1189,LGCNQNQFFCKIPLELWTRY,120.0,E_coli,Low
1190,LGCNQNQFFCKIPLELWTRY,19800.0,Mammalian,High
1191,LGNVNNSISNALDKLEESNSKLDKVNVKLTGTSAL,19800.0,Mammalian,High
1192,LGNVNNSISNALDKLEESNSKLDKVNVKLTGTSAL,180.0,Yeast,Low
1193,LGNVNNSISNALDKLEESNSKLDKVNVKLTGTSAL,120.0,E_coli,Low
1194,LGQGVSIEWRKKRYS,19800.0,Mammalian,High
1195,LGQGVSIEWRKKRYS,180.0,Yeast,Low
1196,LGQGVSIEWRKKRYS,120.0,E_coli,Low
1197,LHQNIVDVQYMYGLS,180.0,Yeast,Low
1198,LHQNIVDVQYMYGLS,19800.0,Mammalian,High
1199,LHQNIVDVQYMYGLS,120.0,E_coli,Low
1200,LITPKKIKPPLPSVT,19800.0,Mammalian,High
1201,LITPKKIKPPLPSVT,180.0,Yeast,Low
1202,LITPKKIKPPLPSVT,120.0,E_coli,Low
1203,LKAKTNISIREGPTLGNWAR,19800.0,Mammalian,High
1204,LKAKTNISIREGPTLGNWAR,120.0,E_coli,Low
1205,LKAKTNISIREGPTLGNWAR,180.0,Yeast,Low
1206,LKVLLYEEFKLLESLIMEILEYQKDSDIKENAEDTK,19800.0,Mammalian,High
1207,LKVLLYEEFKLLESLIMEILEYQKDSDIKENAEDTK,180.0,Yeast,Low
1208,LKVLLYEEFKLLESLIMEILEYQKDSDIKENAEDTK,120.0,E_coli,Low
1209,LKWESEFWRWTEQLASNY,120.0,E_coli,Low
1210,LKWESEFWRWTEQLASNY,180.0,Yeast,Low
1211,LKWESEFWRWTEQLASNY,19800.0,Mammalian,High
1212,LLDCWVRLGRYLLRRLK,19800.0,Mammalian,High
1213,LLDCWVRLGRYLLRRLK,120.0,E_coli,Low
1214,LLDCWVRLGRYLLRRLK,180.0,Yeast,Low
1215,LLDCWVRLGRYLLRRLKT,180.0,Yeast,Low
1216,LLDCWVRLGRYLLRRLKT,19800.0,Mammalian,High
1217,LLDCWVRLGRYLLRRLKT,120.0,E_coli,Low
1218,LLDCWVRLGRYLLRRLKTP,180.0,Yeast,Low
1219,LLDCWVRLGRYLLRRLKTP,19800.0,Mammalian,High
1220,LLDCWVRLGRYLLRRLKTP,120.0,E_coli,Low
1221,LLDCWVRLGRYLLRRLKTPFT,120.0,E_coli,Low
1222,LLDCWVRLGRYLLRRLKTPFT,19800.0,Mammalian,High
1223,LLDCWVRLGRYLLRRLKTPFT,180.0,Yeast,Low
1224,LLDCWVRLGRYLLRRLKTPFTRL,120.0,E_coli,Low
1225,LLDCWVRLGRYLLRRLKTPFTRL,180.0,Yeast,Low
1226,LLDCWVRLGRYLLRRLKTPFTRL,19800.0,Mammalian,High
1227,LLEY,180.0,Yeast,Low
1228,LLEY,120.0,E_coli,Low
1229,LLEY,19800.0,Mammalian,High
1230,LLEYS,19800.0,Mammalian,High
1231,LLEYS,120.0,E_coli,Low
1232,LLEYS,180.0,Yeast,Low
1233,LLEYSI,180.0,Yeast,Low
1234,LLEYSI,19800.0,Mammalian,High
1235,LLEYSI,120.0,E_coli,Low
1236,LLEYSL,120.0,E_coli,Low
1237,LLEYSL,180.0,Yeast,Low
1238,LLEYSL,19800.0,Mammalian,High
1239,LLFLKVPAQNAISTTFPYT,19800.0,Mammalian,High
1240,LLFLKVPAQNAISTTFPYT,120.0,E_coli,Low
1241,LLFLKVPAQNAISTTFPYT,180.0,Yeast,Low
1242,LLGDLLRKSKEKIGKEFKRIVQR,180.0,Yeast,Low
1243,LLGDLLRKSKEKIGKEFKRIVQR,120.0,E_coli,Low
1244,LLGDLLRKSKEKIGKEFKRIVQR,19800.0,Mammalian,High
1245,LLGDLLRKSKEKIGKEFKRIVQRIKDFLRNLVPRTES,120.0,E_coli,Low
1246,LLGDLLRKSKEKIGKEFKRIVQRIKDFLRNLVPRTES,19800.0,Mammalian,High
1247,LLGDLLRKSKEKIGKEFKRIVQRIKDFLRNLVPRTES,180.0,Yeast,Low
1248,LLGFILAFLGWIGAIVST,180.0,Yeast,Low
1249,LLGFILAFLGWIGAIVST,19800.0,Mammalian,High
1250,LLGFILAFLGWIGAIVST,120.0,E_coli,Low
1251,LLGGILGIGLGVLLLILCLP,19800.0,Mammalian,High
1252,LLGGILGIGLGVLLLILCLP,120.0,E_coli,Low
1253,LLGGILGIGLGVLLLILCLP,180.0,Yeast,Low
1254,LLKELWTKIKGAGKAVLGKIKGLL,19800.0,Mammalian,High
1255,LLKELWTKIKGAGKAVLGKIKGLL,120.0,E_coli,Low
1256,LLKELWTKIKGAGKAVLGKIKGLL,180.0,Yeast,Low
1257,LLMVNEATRFQTVSGFV,180.0,Yeast,Low
1258,LLMVNEATRFQTVSGFV,19800.0,Mammalian,High
1259,LLMVNEATRFQTVSGFV,120.0,E_coli,Low
1260,LMRIR,19800.0,Mammalian,High
1261,LMRIR,120.0,E_coli,Low
1262,LMRIR,180.0,Yeast,Low
1263,LMRIRQMMT,19800.0,Mammalian,High
1264,LMRIRQMMT,180.0,Yeast,Low
1265,LMRIRQMMT,120.0,E_coli,Low
1266,LPAFCQAIGWGDPITHWS,120.0,E_coli,Low
1267,LPAFCQAIGWGDPITHWS,19800.0,Mammalian,High
1268,LPAFCQAIGWGDPITHWS,180.0,Yeast,Low
1269,LPLPAPSFHRTT,19800.0,Mammalian,High
1270,LPLPAPSFHRTT,180.0,Yeast,Low
1271,LPLPAPSFHRTT,120.0,E_coli,Low
1272,LPRRLHLEPAFLPYSVKAHE,120.0,E_coli,Low
1273,LPRRLHLEPAFLPYSVKAHE,180.0,Yeast,Low
1274,LPRRLHLEPAFLPYSVKAHE,19800.0,Mammalian,High
1275,LPRRLHLEPAFLPYSVKAHEC,120.0,E_coli,Low
1276,LPRRLHLEPAFLPYSVKAHEC,19800.0,Mammalian,High
1277,LPRRLHLEPAFLPYSVKAHEC,180.0,Yeast,Low
1278,LPRRLHLEPAFLPYSVKAHECC,19800.0,Mammalian,High
1279,LPRRLHLEPAFLPYSVKAHECC,180.0,Yeast,Low
1280,LPRRLHLEPAFLPYSVKAHECC,120.0,E_coli,Low
1281,LPVGGNEKKA KLANVVRKMM,19800.0,Mammalian,High
1282,LPVGGNEKKA KLANVVRKMM,180.0,Yeast,Low
1283,LPVGGNEKKA KLANVVRKMM,120.0,E_coli,Low
1284,LQDSGLEVNIVTDSQYALGI,19800.0,Mammalian,High
1285,LQDSGLEVNIVTDSQYALGI,120.0,E_coli,Low
1286,LQDSGLEVNIVTDSQYALGI,180.0,Yeast,Low
1287,LQEVDAGNFIPPPRWLLL,180.0,Yeast,Low
1288,LQEVDAGNFIPPPRWLLL,19800.0,Mammalian,High
1289,LQEVDAGNFIPPPRWLLL,120.0,E_coli,Low
1290,LQKWEDWVRWIGNIPQYLKG,19800.0,Mammalian,High
1291,LQKWEDWVRWIGNIPQYLKG,180.0,Yeast,Low
1292,LQKWEDWVRWIGNIPQYLKG,120.0,E_coli,Low
1293,LQQLLFIHFRIGCQH,180.0,Yeast,Low
1294,LQQLLFIHFRIGCQH,120.0,E_coli,Low
1295,LQQLLFIHFRIGCQH,19800.0,Mammalian,High
1296,LQYLALAALITPKKI,180.0,Yeast,Low
1297,LQYLALAALITPKKI,120.0,E_coli,Low
1298,LQYLALAALITPKKI,19800.0,Mammalian,High
1299,LRDIWDWICEVLSDFK,180.0,Yeast,Low
1300,LRDIWDWICEVLSDFK,120.0,E_coli,Low
1301,LRDIWDWICEVLSDFK,19800.0,Mammalian,High
1302,LRVRLASHLRKLRKRLLRDADDLQKRLAVY,120.0,E_coli,Low
1303,LRVRLASHLRKLRKRLLRDADDLQKRLAVY,180.0,Yeast,Low
1304,LRVRLASHLRKLRKRLLRDADDLQKRLAVY,19800.0,Mammalian,High
1305,LSELDDRADALQAGASQFETSAAKLKRKYWWKN,19800.0,Mammalian,High
1306,LSELDDRADALQAGASQFETSAAKLKRKYWWKN,180.0,Yeast,Low
1307,LSELDDRADALQAGASQFETSAAKLKRKYWWKN,120.0,E_coli,Low
1308,LTCAVACELKWESEFWRW,180.0,Yeast,Low
1309,LTCAVACELKWESEFWRW,19800.0,Mammalian,High
1310,LTCAVACELKWESEFWRW,120.0,E_coli,Low
1311,LTEDRWNKPQKTKGH,19800.0,Mammalian,High
1312,LTEDRWNKPQKTKGH,180.0,Yeast,Low
1313,LTEDRWNKPQKTKGH,120.0,E_coli,Low
1314,LTQINTTLLDLTYEMLSLQQVVKALNESYIDLKEL,180.0,Yeast,Low
1315,LTQINTTLLDLTYEMLSLQQVVKALNESYIDLKEL,19800.0,Mammalian,High
1316,LTQINTTLLDLTYEMLSLQQVVKALNESYIDLKEL,120.0,E_coli,Low
1317,LVQPRGPRSGPGPWQGGRRKFRRQRPRLSHKGPMPF,19800.0,Mammalian,High
1318,LVQPRGPRSGPGPWQGGRRKFRRQRPRLSHKGPMPF,180.0,Yeast,Low
1319,LVQPRGPRSGPGPWQGGRRKFRRQRPRLSHKGPMPF,120.0,E_coli,Low
1320,LVRRRSELMGRRNPVCPG,19800.0,Mammalian,High
1321,LVRRRSELMGRRNPVCPG,180.0,Yeast,Low
1322,LVRRRSELMGRRNPVCPG,120.0,E_coli,Low
1323,LVTLEHQVLVIGLKVEAMEK,180.0,Yeast,Low
1324,LVTLEHQVLVIGLKVEAMEK,19800.0,Mammalian,High
1325,LVTLEHQVLVIGLKVEAMEK,120.0,E_coli,Low
1326,LWKVPFDFWRGVISLTPL,19800.0,Mammalian,High
1327,LWKVPFDFWRGVISLTPL,180.0,Yeast,Low
1328,LWKVPFDFWRGVISLTPL,120.0,E_coli,Low
1329,LYGNEGCGWAGWLLSPRG,120.0,E_coli,Low
1330,LYGNEGCGWAGWLLSPRG,180.0,Yeast,Low
1331,LYGNEGCGWAGWLLSPRG,19800.0,Mammalian,High
1332,LYYFDCFSESAIRKA,180.0,Yeast,Low
1333,LYYFDCFSESAIRKA,19800.0,Mammalian,High
1334,LYYFDCFSESAIRKA,120.0,E_coli,Low
1388,NADIIKSLIRKTIINASKNTASLSILQHLYVLRS,180.0,Yeast,Low
1389,NADIIKSLIRKTIINASKNTASLSILQHLYVLRS,5040.0,Mammalian,Low
1390,NDDELHMLMTDLVYEALHFAKDEEIKKRVFQLFELADKAYKNNDRQKLEKVVEELKELLERLLS,5040.0,Mammalian,Low
1391,NDDELHMLMTDLVYEALHFAKDEEIKKRVFQLFELADKAYKNNDRQKLEKVVEELKELLERLLS,180.0,Yeast,Low
1392,NDSRGIDAEEELETKAELVITKLKTPLMRGKVVVGAAGA,5040.0,Mammalian,Low
1393,NDSRGIDAEEELETKAELVITKLKTPLMRGKVVVGAAGA,180.0,Yeast,Low
1394,NEYHGFVDKANNENKRKKQQGRDDFVVKPNNFANRRRKDDYNENYYDDVDAADVV,5040.0,Mammalian,Low
1395,NEYHGFVDKANNENKRKKQQGRDDFVVKPNNFANRRRKDDYNENYYDDVDAADVV,180.0,Yeast,Low
1396,NFYDPLVFPSDEFDASISQVNEKINQSLASIRKSDELLHNVNAGK,5040.0,Mammalian,Low
1397,NFYDPLVFPSDEFDASISQVNEKINQSLASIRKSDELLHNVNAGK,180.0,Yeast,Low
1398,NGAICWGPCPTAFRQIGNCGHFKVRCCKIR,5040.0,Mammalian,Low
1399,NGAICWGPCPTAFRQIGNCGHFKVRCCKIR,180.0,Yeast,Low
1400,NGAICWGPCPTAFRQIGNCGRFRVRCCRIR,180.0,Yeast,Low
1401,NGESSADWAKN,5040.0,Mammalian,Low
1402,NGESSADWAKN,180.0,Yeast,Low
1403,NGIGVTQNVLYENQKQIANQFNKAISQIQESLTTTSTA,5040.0,Mammalian,Low
1404,NGIGVTQNVLYENQKQIANQFNKAISQIQESLTTTSTA,180.0,Yeast,Low
1405,NHEAEDLFY,180.0,Yeast,Low
1406,NHEAEDLFY,5040.0,Mammalian,Low
1407,NIAGNWSCTSDLPSSWGYMN,180.0,Yeast,Low
1408,NIAGNWSCTSDLPSSWGYMN,5040.0,Mammalian,Low
1409,NKPFVFLM,5040.0,Mammalian,Low
1410,NKPFVFLM,180.0,Yeast,Low
1411,NLTCAVACELKWESEFWR,180.0,Yeast,Low
1412,NLTCAVACELKWESEFWR,5040.0,Mammalian,Low
1413,NLVSGLIEARKYLEQLHRKLKNRKV,180.0,Yeast,Low
1414,NLVSGLIEARKYLEQLHRKLKNRKV,5040.0,Mammalian,Low
1415,NMTINQTIWNHGNITLGEWY,180.0,Yeast,Low
1416,NMTINQTIWNHGNITLGEWY,5040.0,Mammalian,Low
1417,NQIIEQLIKKEKVY,180.0,Yeast,Low
1418,NQIIEQLIKKEKVY,5040.0,Mammalian,Low
1419,NQNAQALNTLVKQLSSNFGAISSVLNDILSRLDKVEAEVQIDRLIT,180.0,Yeast,Low
1420,NQNAQALNTLVKQLSSNFGAISSVLNDILSRLDKVEAEVQIDRLIT,5040.0,Mammalian,Low
1421,NQTKDLQQKFYEIIMDIEQN,180.0,Yeast,Low
1422,NQTKDLQQKFYEIIMDIEQN,5040.0,Mammalian,Low
1423,NQVGD,180.0,Yeast,Low
1424,NQVGD,5040.0,Mammalian,Low
1425,NQVSATCSVK,180.0,Yeast,Low
1426,NQVSATCSVK,5040.0,Mammalian,Low
1427,NVQGKTGIQQLQKWEDWVRW,180.0,Yeast,Low
1428,NVQGKTGIQQLQKWEDWVRW,5040.0,Mammalian,Low
1429,NVTFLDLEYEMKKLEEAIKKLEESYIDLKELGTYEY,180.0,Yeast,Low
1430,NVTFLDLEYEMKKLEEAIKKLEESYIDLKELGTYEY,5040.0,Mammalian,Low
1431,NYWILEYLWKVPFDFWRG,180.0,Yeast,Low
1432,NYWILEYLWKVPFDFWRG,5040.0,Mammalian,Low
1433,QAKTFLDKFNHEA,600.0,Yeast,Low
1434,QAKTFLDKFNHEA,2880.0,Mammalian,Low
1435,QEGISRFKICPYHWYKQHMSLLFRRYYHKLDSII,600.0,Yeast,Low
1436,QEGISRFKICPYHWYKQHMSLLFRRYYHKLDSII,2880.0,Mammalian,Low
1437,QGSWFGCTWMNSTGF,600.0,Yeast,Low
1438,QGSWFGCTWMNSTGF,2880.0,Mammalian,Low
1439,QHGVHG,2880.0,Mammalian,Low
1440,QHGVHG,600.0,Yeast,Low
1441,QIQDPEIPKCGWWNQMAYYN,600.0,Yeast,Low
1442,QIQDPEIPKCGWWNQMAYYN,2880.0,Mammalian,Low
1443,QKEGLHYTCSSHFPYSQYQF,2880.0,Mammalian,Low
1444,QKEGLHYTCSSHFPYSQYQF,600.0,Yeast,Low
1445,QKQIANQFNKAISQIQESLTTTSTALGKLQDVVNQNAQALNTLVKQ,600.0,Yeast,Low
1446,QKQIANQFNKAISQIQESLTTTSTALGKLQDVVNQNAQALNTLVKQ,2880.0,Mammalian,Low
1447,QKWEDWVRWIGN,600.0,Yeast,Low
1448,QKWEDWVRWIGN,2880.0,Mammalian,Low
1449,QLASNYWILEYLWKVPFD,600.0,Yeast,Low
1450,QLASNYWILEYLWKVPFD,2880.0,Mammalian,Low
1451,QLIHLYYFDCFSESA,600.0,Yeast,Low
1452,QLIHLYYFDCFSESA,2880.0,Mammalian,Low
1453,QLLIRMI,600.0,Yeast,Low
1454,QLLIRMI,2880.0,Mammalian,Low
1455,QLLIRMIYKNI,2880.0,Mammalian,Low
1456,QLLIRMIYKNI,600.0,Yeast,Low
1457,QLLIRMIYKNILFYLVPGPGHGAEPERRNIKYL,2880.0,Mammalian,Low
1458,QLLIRMIYKNILFYLVPGPGHGAEPERRNIKYL,600.0,Yeast,Low
1459,QLQKWEDWVRWI,600.0,Yeast,Low
1460,QLQKWEDWVRWI,2880.0,Mammalian,Low
1461,QLQKWEDWVRWIGNIPQYLKG,600.0,Yeast,Low
1462,QLQKWEDWVRWIGNIPQYLKG,2880.0,Mammalian,Low
1463,QNQSANQFQKEISQINEVLTTTNTSLGKLQDDVNQNNQSLNTLQKE,2880.0,Mammalian,Low
1464,QNQSANQFQKEISQINEVLTTTNTSLGKLQDDVNQNNQSLNTLQKE,600.0,Yeast,Low
1465,QQLLFIHFRIGCQHS,2880.0,Mammalian,Low
1466,QQLLFIHFRIGCQHS,600.0,Yeast,Low
1467,QRPRLSHKGPMPF,600.0,Yeast,Low
1468,QRPRLSHKGPMPF,2880.0,Mammalian,Low
1469,QVDPDLADQLIHLYY,2880.0,Mammalian,Low
1470,QVDPDLADQLIHLYY,600.0,Yeast,Low
1471,RDWHLGQGVSIEWRK,120.0,Yeast,Low
1472,RDWHLGQGVSIEWRK,120.0,E_coli,Low
1473,RDWHLGQGVSIEWRK,3600.0,Mammalian,Low
1474,REINNYTSLIHSLIEESQNQQEKNEQELLELDKWAS,3600.0,Mammalian,Low
1475,REINNYTSLIHSLIEESQNQQEKNEQELLELDKWAS,120.0,Yeast,Low
1476,REINNYTSLIHSLIEESQNQQEKNEQELLELDKWAS,120.0,E_coli,Low
1477,RFPFHRCGAGPKLTKDLE,120.0,E_coli,Low
1478,RFPFHRCGAGPKLTKDLE,3600.0,Mammalian,Low
1479,RFPFHRCGAGPKLTKDLE,120.0,Yeast,Low
1480,RFRIRCRANTI-WNVGSDTSLIDTC,120.0,Yeast,Low
1481,RFRIRCRANTI-WNVGSDTSLIDTC,120.0,E_coli,Low
1482,RFRIRCRANTI-WNVGSDTSLIDTC,3600.0,Mammalian,Low
1483,RGAHIKGRWDSRCHRF,3600.0,Mammalian,Low
1484,RGAHIKGRWDSRCHRF,120.0,Yeast,Low
1485,RGAHIKGRWDSRCHRF,120.0,E_coli,Low
1486,RGAHIKGRWKSRCHRF,3600.0,Mammalian,Low
1487,RGAHIKGRWKSRCHRF,120.0,Yeast,Low
1488,RGAHIKGRWKSRCHRF,120.0,E_coli,Low
1489,RGAHINGRWDSRCHRF,120.0,Yeast,Low
1490,RGAHINGRWDSRCHRF,120.0,E_coli,Low
1491,RGAHINGRWDSRCHRF,3600.0,Mammalian,Low
1492,RGILRNWYNPFAGLRQSLEQ,120.0,E_coli,Low
1493,RGILRNWYNPFAGLRQSLEQ,3600.0,Mammalian,Low
1494,RGILRNWYNPFAGLRQSLEQ,120.0,Yeast,Low
1495,RGIYR,3600.0,Mammalian,Low
1496,RGIYR,120.0,Yeast,Low
1497,RGIYR,120.0,E_coli,Low
1498,RGRRGIYR,120.0,E_coli,Low
1499,RGRRGIYR,120.0,Yeast,Low
1500,RGRRGIYR,3600.0,Mammalian,Low
1501,RGTKALTEVIPLTEEAEC,120.0,Yeast,Low
1502,RGTKALTEVIPLTEEAEC,3600.0,Mammalian,Low
1503,RGTKALTEVIPLTEEAEC,120.0,E_coli,Low
1504,RGVISLTPLLVCVAALLL,120.0,E_coli,Low
1505,RGVISLTPLLVCVAALLL,3600.0,Mammalian,Low
1506,RGVISLTPLLVCVAALLL,120.0,Yeast,Low
1507,RGVSGHGQHGVHG,3600.0,Mammalian,Low
1508,RGVSGHGQHGVHG,120.0,Yeast,Low
1509,RGVSGHGQHGVHG,120.0,E_coli,Low
1510,RHHYESTHPRISSEV,3600.0,Mammalian,Low
1511,RHHYESTHPRISSEV,120.0,Yeast,Low
1512,RHHYESTHPRISSEV,120.0,E_coli,Low
1513,RIGRNPSQVGD,120.0,E_coli,Low
1514,RIGRNPSQVGD,120.0,Yeast,Low
1515,RIGRNPSQVGD,3600.0,Mammalian,Low
1516,RKAILGHIVSPRCEY,120.0,E_coli,Low
1517,RKAILGHIVSPRCEY,3600.0,Mammalian,Low
1518,RKAILGHIVSPRCEY,120.0,Yeast,Low
1519,RKFFKKIYRFFRKLLKRL,3600.0,Mammalian,Low
1520,RKFFKKIYRFFRKLLKRL,120.0,E_coli,Low
1521,RKFFKKIYRFFRKLLKRL,120.0,Yeast,Low
1522,RLAAKCAARFAEHGLKRG,120.0,E_coli,Low
1523,RLAAKCAARFAEHGLKRG,3600.0,Mammalian,Low
1524,RLAAKCAARFAEHGLKRG,120.0,Yeast,Low
1525,RLFDKIRQVIRKF,3600.0,Mammalian,Low
1526,RLFDKIRQVIRKF,120.0,Yeast,Low
1527,RLFDKIRQVIRKF,120.0,E_coli,Low
1528,RLFFKCIYRFFEHGLKRG,120.0,E_coli,Low
1529,RLFFKCIYRFFEHGLKRG,120.0,Yeast,Low
1530,RLFFKCIYRFFEHGLKRG,3600.0,Mammalian,Low
1531,RLLRRLLRRLLRRLLRRLLR,120.0,Yeast,Low
1532,RLLRRLLRRLLRRLLRRLLR,3600.0,Mammalian,Low
1533,RLLRRLLRRLLRRLLRRLLR,120.0,E_coli,Low
1534,RMIYKNILFYLVPGPGHGAEPERRNIKYL,3600.0,Mammalian,Low
1535,RMIYKNILFYLVPGPGHGAEPERRNIKYL,120.0,Yeast,Low
1536,RMIYKNILFYLVPGPGHGAEPERRNIKYL,120.0,E_coli,Low
1537,RNKSNLHTEARFRIRCRANTI-WNV,120.0,E_coli,Low
1538,RNKSNLHTEARFRIRCRANTI-WNV,120.0,Yeast,Low
1539,RNKSNLHTEARFRIRCRANTI-WNV,3600.0,Mammalian,Low
1540,RNPNQVGD,120.0,E_coli,Low
1541,RNPNQVGD,120.0,Yeast,Low
1542,RNPNQVGD,3600.0,Mammalian,Low
1543,RNPSQVGD,120.0,E_coli,Low
1544,RNPSQVGD,120.0,Yeast,Low
1545,RNPSQVGD,3600.0,Mammalian,Low
1546,RPKHPIKHQGLPQEVLNENLLRF,120.0,Yeast,Low
1547,RPKHPIKHQGLPQEVLNENLLRF,3600.0,Mammalian,Low
1548,RPKHPIKHQGLPQEVLNENLLRF,120.0,E_coli,Low
1549,RPRGRRGSRPSGAERRRRRAAAA,120.0,E_coli,Low
1550,RPRGRRGSRPSGAERRRRRAAAA,120.0,Yeast,Low
1551,RPRGRRGSRPSGAERRRRRAAAA,3600.0,Mammalian,Low
1552,RPRLSHKGPMPF,3600.0,Mammalian,Low
1553,RPRLSHKGPMPF,120.0,E_coli,Low
1554,RPRLSHKGPMPF,120.0,Yeast,Low
1555,RQMRAWGQDYQHGGMGYSC,3600.0,Mammalian,Low
1556,RQMRAWGQDYQHGGMGYSC,120.0,E_coli,Low
1557,RQMRAWGQDYQHGGMGYSC,120.0,Yeast,Low
1558,RQRVEELSKFSKKGAAARRRK,120.0,E_coli,Low
1559,RQRVEELSKFSKKGAAARRRK,3600.0,Mammalian,Low
1560,RQRVEELSKFSKKGAAARRRK,120.0,Yeast,Low
1561,RRGRIGRNPSQVGD,3600.0,Mammalian,Low
1562,RRGRIGRNPSQVGD,120.0,E_coli,Low
1563,RRGRIGRNPSQVGD,120.0,Yeast,Low
1564,RRGRTGRGRRGIYR,3600.0,Mammalian,Low
1565,RRGRTGRGRRGIYR,120.0,Yeast,Low
1566,RRGRTGRGRRGIYR,120.0,E_coli,Low
1567,RRGRVGRNPNQVGD,120.0,Yeast,Low
1568,RRGRVGRNPNQVGD,120.0,E_coli,Low
1569,RRGRVGRNPNQVGD,3600.0,Mammalian,Low
1570,RRKFRRQRPRLSHKGPMPF,120.0,Yeast,Low
1571,RRKFRRQRPRLSHKGPMPF,3600.0,Mammalian,Low
1572,RRKFRRQRPRLSHKGPMPF,120.0,E_coli,Low
1573,RRKKAAVALLAVLLALLA,3600.0,Mammalian,Low
1574,RRKKAAVALLAVLLALLA,120.0,E_coli,Low
1575,RRKKAAVALLAVLLALLA,120.0,Yeast,Low
1576,RRKKAAVALLP,120.0,E_coli,Low
1577,RRKKAAVALLP,3600.0,Mammalian,Low
1578,RRKKAAVALLP,120.0,Yeast,Low
1579,RRKKAAVALLPAVLLA,120.0,E_coli,Low
1580,RRKKAAVALLPAVLLA,3600.0,Mammalian,Low
1581,RRKKAAVALLPAVLLA,120.0,Yeast,Low
1582,RRKKAAVALLPAVLLAL,3600.0,Mammalian,Low
1583,RRKKAAVALLPAVLLAL,120.0,E_coli,Low
1584,RRKKAAVALLPAVLLAL,120.0,Yeast,Low
1585,RRKKAAVALLPAVLLALL,120.0,E_coli,Low
1586,RRKKAAVALLPAVLLALL,3600.0,Mammalian,Low
1587,RRKKAAVALLPAVLLALL,120.0,Yeast,Low
1588,RRKKAAVALLPAVLLALLA,120.0,E_coli,Low
1589,RRKKAAVALLPAVLLALLA,3600.0,Mammalian,Low
1590,RRKKAAVALLPAVLLALLA,120.0,Yeast,Low
1591,RRKKAAVALLPAVLLALLAP,120.0,E_coli,Low
1592,RRKKAAVALLPAVLLALLAP,3600.0,Mammalian,Low
1593,RRKKAAVALLPAVLLALLAP,120.0,Yeast,Low
1594,RRKKALLAVLLALLA,120.0,Yeast,Low
1595,RRKKALLAVLLALLA,3600.0,Mammalian,Low
1596,RRKKALLAVLLALLA,120.0,E_coli,Low
1597,RRKKALLPAVLLALLAP,120.0,Yeast,Low
1598,RRKKALLPAVLLALLAP,120.0,E_coli,Low
1599,RRKKALLPAVLLALLAP,3600.0,Mammalian,Low
1600,RRKKAVALLPAVLLALLAP,3600.0,Mammalian,Low
1601,RRKKAVALLPAVLLALLAP,120.0,Yeast,Low
1602,RRKKAVALLPAVLLALLAP,120.0,E_coli,Low
1603,RRKKAVLLALLAP,120.0,E_coli,Low
1604,RRKKAVLLALLAP,120.0,Yeast,Low
1605,RRKKAVLLALLAP,3600.0,Mammalian,Low
1606,RRKKIFYFFR,3600.0,Mammalian,Low
1607,RRKKIFYFFR,120.0,E_coli,Low
1608,RRKKIFYFFR,120.0,Yeast,Low
1609,RRKKLAVLLALLA,3600.0,Mammalian,Low
1610,RRKKLAVLLALLA,120.0,Yeast,Low
1611,RRKKLAVLLALLA,120.0,E_coli,Low
1612,RRKKLLAVLLALLA,3600.0,Mammalian,Low
1613,RRKKLLAVLLALLA,120.0,E_coli,Low
1614,RRKKLLAVLLALLA,120.0,Yeast,Low
1615,RRKKLLPAVLLALLAP,120.0,Yeast,Low
1616,RRKKLLPAVLLALLAP,3600.0,Mammalian,Low
1617,RRKKLLPAVLLALLAP,120.0,E_coli,Low
1618,RRKKLPAVLLALLAP,120.0,E_coli,Low
1619,RRKKLPAVLLALLAP,120.0,Yeast,Low
1620,RRKKLPAVLLALLAP,3600.0,Mammalian,Low
1621,RRKKPAVLLALLAP,120.0,Yeast,Low
1622,RRKKPAVLLALLAP,3600.0,Mammalian,Low
1623,RRKKPAVLLALLAP,120.0,E_coli,Low
1624,RRKKRRQRRR,3600.0,Mammalian,Low
1625,RRKKRRQRRR,120.0,E_coli,Low
1626,RRKKRRQRRR,120.0,Yeast,Low
1627,RRKKRRRRRR,3600.0,Mammalian,Low
1628,RRKKRRRRRR,120.0,Yeast,Low
1629,RRKKRRRRRR,120.0,E_coli,Low
1630,RRKKVALLAVLLALLA,120.0,Yeast,Low
1631,RRKKVALLAVLLALLA,3600.0,Mammalian,Low
1632,RRKKVALLAVLLALLA,120.0,E_coli,Low
1633,RRKKVALLPAVLLALLAP,120.0,E_coli,Low
1634,RRKKVALLPAVLLALLAP,3600.0,Mammalian,Low
1635,RRKKVALLPAVLLALLAP,120.0,Yeast,Low
1636,RRKKVLLALLAP,120.0,Yeast,Low
1637,RRKKVLLALLAP,3600.0,Mammalian,Low
1638,RRKKVLLALLAP,120.0,E_coli,Low
1639,RRKKWLVFFVIFYFFR,3600.0,Mammalian,Low
1640,RRKKWLVFFVIFYFFR,120.0,E_coli,Low
1641,RRKKWLVFFVIFYFFR,120.0,Yeast,Low
1642,RRLHLEPAFLPYSVKAHECC,3600.0,Mammalian,Low
1643,RRLHLEPAFLPYSVKAHECC,120.0,Yeast,Low
1644,RRLHLEPAFLPYSVKAHECC,120.0,E_coli,Low
1645,RRQRPRLSHKGP,120.0,Yeast,Low
1646,RRQRPRLSHKGP,120.0,E_coli,Low
1647,RRQRPRLSHKGP,3600.0,Mammalian,Low
1648,RRQRPRLSHKGPM,120.0,Yeast,Low
1649,RRQRPRLSHKGPM,3600.0,Mammalian,Low
1650,RRQRPRLSHKGPM,120.0,E_coli,Low
1651,RRQRPRLSHKGPMPF,120.0,Yeast,Low
1652,RRQRPRLSHKGPMPF,3600.0,Mammalian,Low
1653,RRQRPRLSHKGPMPF,120.0,E_coli,Low
1654,RRRQRRKKRGYGFVNLLFLVVE,3600.0,Mammalian,Low
1655,RRRQRRKKRGYGFVNLLFLVVE,120.0,Yeast,Low
1656,RRRQRRKKRGYGFVNLLFLVVE,120.0,E_coli,Low
1657,RRRRRRRRRR,120.0,Yeast,Low
1658,RRRRRRRRRR,3600.0,Mammalian,Low
1659,RRRRRRRRRR,120.0,E_coli,Low
1660,RRRRRRRRRRRRRRRWWW,3600.0,Mammalian,Low
1661,RRRRRRRRRRRRRRRWWW,120.0,E_coli,Low
1662,RRRRRRRRRRRRRRRWWW,120.0,Yeast,Low
1663,RRRRRRRWWWRRRRRRRR,120.0,Yeast,Low
1664,RRRRRRRWWWRRRRRRRR,3600.0,Mammalian,Low
1665,RRRRRRRWWWRRRRRRRR,120.0,E_coli,Low
1666,RRWYRWW,120.0,Yeast,Low
1667,RRWYRWW,120.0,E_coli,Low
1668,RRWYRWW,3600.0,Mammalian,Low
1669,RRWYRWWRRRWYRWWR,3600.0,Mammalian,Low
1670,RRWYRWWRRRWYRWWR,120.0,Yeast,Low
1671,RRWYRWWRRRWYRWWR,120.0,E_coli,Low
1672,RSQKEGLHYTCSSHFPYSQYQFWK,120.0,Yeast,Low
1673,RSQKEGLHYTCSSHFPYSQYQFWK,120.0,E_coli,Low
1674,RSQKEGLHYTCSSHFPYSQYQFWK,3600.0,Mammalian,Low
1675,RTGRGRRGIYR,120.0,Yeast,Low
1676,RTGRGRRGIYR,3600.0,Mammalian,Low
1677,RTGRGRRGIYR,120.0,E_coli,Low
1678,RTQRRGRTGRGKPGIYR,120.0,E_coli,Low
1679,RTQRRGRTGRGKPGIYR,120.0,Yeast,Low
1680,RTQRRGRTGRGKPGIYR,3600.0,Mammalian,Low
1681,RVGRNPNQVGD,120.0,E_coli,Low
1682,RVGRNPNQVGD,120.0,Yeast,Low
1683,RVGRNPNQVGD,3600.0,Mammalian,Low
1684,RWMVWRHWFHRLRLPYNPGKNKQNQQWP,3600.0,Mammalian,Low
1685,RWMVWRHWFHRLRLPYNPGKNKQNQQWP,120.0,E_coli,Low
1686,RWMVWRHWFHRLRLPYNPGKNKQNQQWP,120.0,Yeast,Low
1687,RWNKPQKTKGHRGSH,120.0,E_coli,Low
1688,RWNKPQKTKGHRGSH,120.0,Yeast,Low
1689,RWNKPQKTKGHRGSH,3600.0,Mammalian,Low
1690,RWTEQLASNYWILEYLWK,3600.0,Mammalian,Low
1691,RWTEQLASNYWILEYLWK,120.0,E_coli,Low
1692,RWTEQLASNYWILEYLWK,120.0,Yeast,Low
1693,RWWRWWR,120.0,E_coli,Low
1694,RWWRWWR,3600.0,Mammalian,Low
1695,RWWRWWR,120.0,Yeast,Low
1696,RWWRWWRRWWRWWR,3600.0,Mammalian,Low
1697,RWWRWWRRWWRWWR,120.0,Yeast,Low
1698,RWWRWWRRWWRWWR,120.0,E_coli,Low
1699,RYFTFGGGYVYF,3600.0,Mammalian,Low
1700,RYFTFGGGYVYF,120.0,E_coli,Low
1701,RYFTFGGGYVYF,120.0,Yeast,Low
1702,RYSTQVDPDLADQLI,120.0,E_coli,Low
1703,RYSTQVDPDLADQLI,3600.0,Mammalian,Low
1704,RYSTQVDPDLADQLI,120.0,Yeast,Low
1705,SAVNGQSGRMEFFWTILK,6840.0,Mammalian,Low
1706,SANTI-VSVGMKPSPRP,6840.0,Mammalian,Low
1707,SDRDTVVELSEWGVPCAT,6840.0,Mammalian,Low
1708,SEETKENEGFTVTAEGK,6840.0,Mammalian,Low
1709,SEFWRWTEQLASNYWILE,6840.0,Mammalian,Low
1710,SENRKVPFYSHS,6840.0,Mammalian,Low
1711,SFAIKWEYVLLLFLL,6840.0,Mammalian,Low
1712,SGCANNTCYNANTI-VSVIVPDYQC,6840.0,Mammalian,Low
1713,SGHGQHGVHG,6840.0,Mammalian,Low
1714,SGSWLRDIWDWICEVLSDFK,6840.0,Mammalian,Low
1715,SGTKMACPSNRGILRNWYNP,6840.0,Mammalian,Low
1716,SIELNKAKSDLEESKEWIRRSNQKLDSI,6840.0,Mammalian,Low
1717,SIGAKILGGVKTFFKGALKELASTYLQ,6840.0,Mammalian,Low
1718,SIGGVFNSIGRAVHQVFGGAFRTL,6840.0,Mammalian,Low
1719,SISNALNKLEESNRNLDKVNVKLT,6840.0,Mammalian,Low
1720,SIWRDWVDLICEFLSDWK,6840.0,Mammalian,Low
1721,SKANGQSGRMEFFWTILK,6840.0,Mammalian,Low
1722,SKEKIGKEFKRIVQRIKDFLR,6840.0,Mammalian,Low
1723,SKHSSLDC,6840.0,Mammalian,Low
1724,SKHSSLDCVLRP,6840.0,Mammalian,Low
1725,SKVAGQSGRMEFFWTILK,6840.0,Mammalian,Low
1726,SKVNGASGRMEFFWTILK,6840.0,Mammalian,Low
1727,SKVNGQAGRMEFFWTILK,6840.0,Mammalian,Low
1728,SKVNGQSGRAEFFWTILK,6840.0,Mammalian,Low
1729,SKVNGQSGRMAFFWTILK,6840.0,Mammalian,Low
1730,SKVNGQSGRMEFAWTILK,6840.0,Mammalian,Low
1731,SKVNGQSGRMEFFWTALK,6840.0,Mammalian,Low
1732,SKVNGQSGRMEFFWTIAK,6840.0,Mammalian,Low
1733,SKVNGQSGRMEFFWTILK,6840.0,Mammalian,Low
1734,SLDCVLRP,6840.0,Mammalian,Low
1735,SLDQINVTFLDLEYEMKKLEEAIKKLEESYIDLKELGSGSGC,6840.0,Mammalian,Low
1736,SLDQINVTFLDLEYEMKKLEEAIKKLEESYIDLKELGTYEYYVKW,6840.0,Mammalian,Low
1737,SLTQINTTLLDLEYEMRSLQQVVKALNESYIDLKEL,6840.0,Mammalian,Low
1738,SLTQINTTLLDLTYEMLSLQQVVKALNESYIDLKELGSGSGC,6840.0,Mammalian,Low
1739,SNQGGSPLPRSV,6840.0,Mammalian,Low
1740,SNYWILEYLWKVPFDFWR,6840.0,Mammalian,Low
1741,SPAIFQSSMTKILEPFRKQN,6840.0,Mammalian,Low
1742,SPYPSWSTPAGR,6840.0,Mammalian,Low
1743,SQVGD,6840.0,Mammalian,Low
1744,SSCNMGWDTPAANTI-CCVWFPYWV,6840.0,Mammalian,Low
1745,STLGKAFSTTLKGAQRLAALGDTAWDFG,6840.0,Mammalian,Low
1746,STQRRGRTGRGRRGIYR,6840.0,Mammalian,Low
1747,STSQKANTI-SIVAYTM,6840.0,Mammalian,Low
1748,STSYAGAVVNDL,6840.0,Mammalian,Low
1749,SVALVPHVGMGLETRTETWMSSEGAWKHVQRIETWILRHPG,6840.0,Mammalian,Low
1750,SVTKLTEDRWNKPQK,6840.0,Mammalian,Low
1751,SWFASTGGRDSKIDVWSL,6840.0,Mammalian,Low
1752,SWKSMAKKLKEYMEKLKQRA,6840.0,Mammalian,Low
1753,SWLDDIWDWICEVLSDFE,6840.0,Mammalian,Low
1754,SWLDRIWRWICKVLSRFE,6840.0,Mammalian,Low
1755,SWLRDIWD,6840.0,Mammalian,Low
1756,SWLRDIWDWACEVLSDFK,6840.0,Mammalian,Low
1757,SWLRDIWDWECEVLSDFK,6840.0,Mammalian,Low
1758,SWLRDIWDWGCEVLSDFK,6840.0,Mammalian,Low
1759,SWLRDIWDWI,6840.0,Mammalian,Low
1760,SWLRDIWDWICE,6840.0,Mammalian,Low
1761,SWLRDIWDWICELLSDFK,6840.0,Mammalian,Low
1762,SWLRDIWDWICEV,6840.0,Mammalian,Low
1763,SWLRDIWDWICEVL,6840.0,Mammalian,Low
1764,SWLRDIWDWICEVLSD,6840.0,Mammalian,Low
1765,SWLRDIWDWICEVLSDFKT,6840.0,Mammalian,Low
1766,SWLRDIWDWICEVLSDFKTW,6840.0,Mammalian,Low
1767,SWLRDIWDWICKVLSDFK,6840.0,Mammalian,Low
1768,SWLRDIWDWIEEVLSDFK,6840.0,Mammalian,Low
1769,SWLRDIWDWIREVLSDFK,6840.0,Mammalian,Low
1770,SWLRDIWDWISEVLSDFK,6840.0,Mammalian,Low
1771,SWLRDIWDWKCEVLSDFK,6840.0,Mammalian,Low
1772,SWLRDIWDWLCELLSDFK,6840.0,Mammalian,Low
1773,SWLRDIWDWLCEVLSDFK,6840.0,Mammalian,Low
1774,SWLRDIWDWSCEVLSDFK,6840.0,Mammalian,Low
1775,SWLRDIWDWVCEVLSDFK,6840.0,Mammalian,Low
1776,SWLRDIWRWICKVLSRFK,6840.0,Mammalian,Low
1777,SWLRDLWDWICELLSDFK,6840.0,Mammalian,Low
1778,SWLRDLWDWICEVLSDFK,6840.0,Mammalian,Low
1779,SWLRDLWDWLCELLSDFK,6840.0,Mammalian,Low
1780,SWLRDLWDWLCEVLSDFK,6840.0,Mammalian,Low
1781,SWLRDVWDWICTVLTDFK,6840.0,Mammalian,Low
1782,SWLRDVWDWVCTILTDFK,6840.0,Mammalian,Low
1783,SWLRDVWDWVCTVLSDFK,6840.0,Mammalian,Low
1784,SWLRRIWRWICKVLSRFK,6840.0,Mammalian,Low
1785,SWLVNRDWFHDLNLPWTGSSAGTWQ,6840.0,Mammalian,Low
1786,SWLWEVWDWVLHVLSDFK,6840.0,Mammalian,Low
1787,SWRLDIWDWICESVLDFK,6840.0,Mammalian,Low
1788,SWRLIDWDWICEVLSDFK,6840.0,Mammalian,Low
1893,WADWVRWI,180.0,Yeast,Low
1894,WADWVRWI,10080.0,Mammalian,Medium
1895,WADWVRWI,120.0,E_coli,Low
1896,WASLKIDNLDV,180.0,Yeast,Low
1897,WASLKIDNLDV,10080.0,Mammalian,Medium
1898,WASLKIDNLDV,120.0,E_coli,Low
1899,WDRGNVTLLCDCPNGPWVWV,120.0,E_coli,Low
1900,WDRGNVTLLCDCPNGPWVWV,180.0,Yeast,Low
1901,WDRGNVTLLCDCPNGPWVWV,10080.0,Mammalian,Medium
1902,WDWICEVLSDFK,10080.0,Mammalian,Medium
1903,WDWICEVLSDFK,180.0,Yeast,Low
1904,WDWICEVLSDFK,120.0,E_coli,Low
1905,WEAWVRWI,120.0,E_coli,Low
1906,WEAWVRWI,180.0,Yeast,Low
1907,WEAWVRWI,10080.0,Mammalian,Medium
1908,WEDAVRWI,180.0,Yeast,Low
1909,WEDAVRWI,10080.0,Mammalian,Medium
1910,WEDAVRWI,120.0,E_coli,Low
1911,WEDWARWI,120.0,E_coli,Low
1912,WEDWARWI,10080.0,Mammalian,Medium
1913,WEDWARWI,180.0,Yeast,Low
1914,WEDWVAWI,120.0,E_coli,Low
1915,WEDWVAWI,180.0,Yeast,Low
1916,WEDWVAWI,10080.0,Mammalian,Medium
1917,WEDWVR,120.0,E_coli,Low
1918,WEDWVR,10080.0,Mammalian,Medium
1919,WEDWVR,180.0,Yeast,Low
1920,WEDWVRAI,120.0,E_coli,Low
1921,WEDWVRAI,180.0,Yeast,Low
1922,WEDWVRAI,10080.0,Mammalian,Medium
1923,WEDWVRWA,10080.0,Mammalian,Medium
1924,WEDWVRWA,180.0,Yeast,Low
1925,WEDWVRWA,120.0,E_coli,Low
1926,WEDWVRWI,10080.0,Mammalian,Medium
1927,WEDWVRWI,180.0,Yeast,Low
1928,WEDWVRWI,120.0,E_coli,Low
1929,WEDWVRWIGNIP,10080.0,Mammalian,Medium
1930,WEDWVRWIGNIP,180.0,Yeast,Low
1931,WEDWVRWIGNIP,120.0,E_coli,Low
1932,WEEWDKKIEEYTKKIEELIKKSQNQQ,10080.0,Mammalian,Medium
1933,WEEWDKKIEEYTKKIEELIKKSQNQQ,120.0,E_coli,Low
1934,WEEWDKKIEEYTKKIEELIKKSQNQQ,180.0,Yeast,Low
1935,WEEWDKKIEEYTKKIEELIKKSQNQQIDI,180.0,Yeast,Low
1936,WEEWDKKIEEYTKKIEELIKKSQNQQIDI,120.0,E_coli,Low
1937,WEEWDKKIEEYTKKIEELIKKSQNQQIDI,10080.0,Mammalian,Medium
1938,WEEWDKKIEEYTKKIEELIKKSQNQQIDL,120.0,E_coli,Low
1939,WEEWDKKIEEYTKKIEELIKKSQNQQIDL,10080.0,Mammalian,Medium
1940,WEEWDKKIEEYTKKIEELIKKSQNQQIDL,180.0,Yeast,Low
1941,WEEWDKKIEEYTKKIEELIKKSQNQQLDI,10080.0,Mammalian,Medium
1942,WEEWDKKIEEYTKKIEELIKKSQNQQLDI,120.0,E_coli,Low
1943,WEEWDKKIEEYTKKIEELIKKSQNQQLDI,180.0,Yeast,Low
1944,WEEWDKKIEEYTKKIEELIKKSQNQQLDL,10080.0,Mammalian,Medium
1945,WEEWDKKIEEYTKKIEELIKKSQNQQLDL,120.0,E_coli,Low
1946,WEEWDKKIEEYTKKIEELIKKSQNQQLDL,180.0,Yeast,Low
1947,WEEWDKKIEEYTKKIEELIKKSQNQQSDLD,10080.0,Mammalian,Medium
1948,WEEWDKKIEEYTKKIEELIKKSQNQQSDLD,120.0,E_coli,Low
1949,WEEWDKKIEEYTKKIEELIKKSQNQQSDLD,180.0,Yeast,Low
1950,WEEWDKKIEEYTKKIEELIKKSQNQQSM,120.0,E_coli,Low
1951,WEEWDKKIEEYTKKIEELIKKSQNQQSM,10080.0,Mammalian,Medium
1952,WEEWDKKIEEYTKKIEELIKKSQNQQSM,180.0,Yeast,Low
1953,WEEWDKKIEEYTKKIEELIKKSQNQQSW,180.0,Yeast,Low
1954,WEEWDKKIEEYTKKIEELIKKSQNQQSW,10080.0,Mammalian,Medium
1955,WEEWDKKIEEYTKKIEELIKKSQNQQSW,120.0,E_coli,Low
1956,WEEWDKKIEEYTKKIEELIKKSQNQQSY,10080.0,Mammalian,Medium
1957,WEEWDKKIEEYTKKIEELIKKSQNQQSY,120.0,E_coli,Low
1958,WEEWDKKIEEYTKKIEELIKKSQNQQSY,180.0,Yeast,Low
1959,WESEFWRWTEQLASNYWI,120.0,E_coli,Low
1960,WESEFWRWTEQLASNYWI,10080.0,Mammalian,Medium
1961,WESEFWRWTEQLASNYWI,180.0,Yeast,Low
1962,WEYVLLLFLL,120.0,E_coli,Low
1963,WEYVLLLFLL,180.0,Yeast,Low
1964,WEYVLLLFLL,10080.0,Mammalian,Medium
1965,WFVLLTITVLR,10080.0,Mammalian,Medium
1966,WFVLLTITVLR,120.0,E_coli,Low
1967,WFVLLTITVLR,180.0,Yeast,Low
1968,WGVSGHGQHGVHG,10080.0,Mammalian,Medium
1969,WGVSGHGQHGVHG,120.0,E_coli,Low
1970,WGVSGHGQHGVHG,180.0,Yeast,Low
1971,WICEVLSDFK,180.0,Yeast,Low
1972,WICEVLSDFK,10080.0,Mammalian,Medium
1973,WICEVLSDFK,120.0,E_coli,Low
1974,WIDNLD,180.0,Yeast,Low
1975,WIDNLD,120.0,E_coli,Low
1976,WIDNLD,10080.0,Mammalian,Medium
1977,WILEYLWKVPFDFWRGVI,120.0,E_coli,Low
1978,WILEYLWKVPFDFWRGVI,180.0,Yeast,Low
1979,WILEYLWKVPFDFWRGVI,10080.0,Mammalian,Medium
1980,WKFALKVDSPDV,10080.0,Mammalian,Medium
1981,WKFALKVDSPDV,120.0,E_coli,Low
1982,WKFALKVDSPDV,180.0,Yeast,Low
1983,WKVPFDFWRGVISLTPLL,10080.0,Mammalian,Medium
1984,WKVPFDFWRGVISLTPLL,180.0,Yeast,Low
1985,WKVPFDFWRGVISLTPLL,120.0,E_coli,Low
1986,WLVFFVIAYFAR,120.0,E_coli,Low
1987,WLVFFVIAYFAR,180.0,Yeast,Low
1988,WLVFFVIAYFAR,10080.0,Mammalian,Medium
1989,WLVFFVIFYFFR,180.0,Yeast,Low
1990,WLVFFVIFYFFR,10080.0,Mammalian,Medium
1991,WLVFFVIFYFFR,120.0,E_coli,Low
1992,WLVFFVIFYFFRRRKK,120.0,E_coli,Low
1993,WLVFFVIFYFFRRRKK,10080.0,Mammalian,Medium
1994,WLVFFVIFYFFRRRKK,180.0,Yeast,Low
1995,WLVFFVRRKK,10080.0,Mammalian,Medium
1996,WLVFFVRRKK,180.0,Yeast,Low
1997,WLVFFVRRKK,120.0,E_coli,Low
1998,WMEWDREINNYTSLIHSLIEEAQNQQEKNEQELL,180.0,Yeast,Low
1999,WMEWDREINNYTSLIHSLIEEAQNQQEKNEQELL,120.0,E_coli,Low
2000,WMEWDREINNYTSLIHSLIEEAQNQQEKNEQELL,10080.0,Mammalian,Medium
2001,WMEWDREINNYTSLIHSLIEELQNQQEKNEQELL,120.0,E_coli,Low
2002,WMEWDREINNYTSLIHSLIEELQNQQEKNEQELL,180.0,Yeast,Low
2003,WMEWDREINNYTSLIHSLIEELQNQQEKNEQELL,10080.0,Mammalian,Medium
2004,WMEWDREINNYTSLIHSLIEEPQNQQEKNEQELL,10080.0,Mammalian,Medium
2005,WMEWDREINNYTSLIHSLIEEPQNQQEKNEQELL,120.0,E_coli,Low
2006,WMEWDREINNYTSLIHSLIEEPQNQQEKNEQELL,180.0,Yeast,Low
2007,WMEWDREINNYTSLIHSLIEESQNQQEKNEQELL,120.0,E_coli,Low
2008,WMEWDREINNYTSLIHSLIEESQNQQEKNEQELL,180.0,Yeast,Low
2009,WMEWDREINNYTSLIHSLIEESQNQQEKNEQELL,10080.0,Mammalian,Medium
2010,WMEWDREINNYTSLIHSLIEESQNQQEKNEQELLEL,10080.0,Mammalian,Medium
2011,WMEWDREINNYTSLIHSLIEESQNQQEKNEQELLEL,120.0,E_coli,Low
2012,WMEWDREINNYTSLIHSLIEESQNQQEKNEQELLEL,180.0,Yeast,Low
2013,WMEWDREINNYTSLIHSLIEETQNQQEKNEQELL,180.0,Yeast,Low
2014,WMEWDREINNYTSLIHSLIEETQNQQEKNEQELL,10080.0,Mammalian,Medium
2015,WMEWDREINNYTSLIHSLIEETQNQQEKNEQELL,120.0,E_coli,Low
2016,WMEWDREINNYTSLIHSLIEEWQNQQEKNEQELL,10080.0,Mammalian,Medium
2017,WMEWDREINNYTSLIHSLIEEWQNQQEKNEQELL,180.0,Yeast,Low
2018,WMEWDREINNYTSLIHSLIEEWQNQQEKNEQELL,120.0,E_coli,Low
2019,WNALKIDNLDV,180.0,Yeast,Low
2020,WNALKIDNLDV,10080.0,Mammalian,Medium
2021,WNALKIDNLDV,120.0,E_coli,Low
2022,WNHTTWMEWDREINNYTSLIHSLIEESQNQQEKNEQ,180.0,Yeast,Low
2023,WNHTTWMEWDREINNYTSLIHSLIEESQNQQEKNEQ,120.0,E_coli,Low
2024,WNHTTWMEWDREINNYTSLIHSLIEESQNQQEKNEQ,10080.0,Mammalian,Medium
2025,WNSAKIDNLDV,180.0,Yeast,Low
2026,WNSAKIDNLDV,120.0,E_coli,Low
2027,WNSAKIDNLDV,10080.0,Mammalian,Medium
2028,WNSLAIDNLDV,10080.0,Mammalian,Medium
2029,WNSLAIDNLDV,180.0,Yeast,Low
2030,WNSLAIDNLDV,120.0,E_coli,Low
2031,WNSLKADNLDV,180.0,Yeast,Low
2032,WNSLKADNLDV,120.0,E_coli,Low
2033,WNSLKADNLDV,10080.0,Mammalian,Medium
2034,WNSLKIANLAV,120.0,E_coli,Low
2035,WNSLKIANLAV,10080.0,Mammalian,Medium
2036,WNSLKIANLAV,180.0,Yeast,Low
2037,WNSLKIANLDV,10080.0,Mammalian,Medium
2038,WNSLKIANLDV,120.0,E_coli,Low
2039,WNSLKIANLDV,180.0,Yeast,Low
2040,WNSLKIDALDV,10080.0,Mammalian,Medium
2041,WNSLKIDALDV,180.0,Yeast,Low
2042,WNSLKIDALDV,120.0,E_coli,Low
2043,WNSLKIDNADV,10080.0,Mammalian,Medium
2044,WNSLKIDNADV,120.0,E_coli,Low
2045,WNSLKIDNADV,180.0,Yeast,Low
2046,WNSLKIDNLAV,180.0,Yeast,Low
2047,WNSLKIDNLAV,10080.0,Mammalian,Medium
2048,WNSLKIDNLAV,120.0,E_coli,Low
2049,WNSLKIDNLDA,180.0,Yeast,Low
2050,WNSLKIDNLDA,120.0,E_coli,Low
2051,WNSLKIDNLDA,10080.0,Mammalian,Medium
2052,WNSLKIDNLDV,120.0,E_coli,Low
2053,WNSLKIDNLDV,180.0,Yeast,Low
2054,WNSLKIDNLDV,10080.0,Mammalian,Medium
2055,WQCLTLTHRG,120.0,E_coli,Low
2056,WQCLTLTHRG,10080.0,Mammalian,Medium
2057,WQCLTLTHRG,180.0,Yeast,Low
2058,WQCLTLTHRGFVLLTITVLR,120.0,E_coli,Low
2059,WQCLTLTHRGFVLLTITVLR,10080.0,Mammalian,Medium
2060,WQCLTLTHRGFVLLTITVLR,180.0,Yeast,Low
2061,WQSLTLTHRG,120.0,E_coli,Low
2062,WQSLTLTHRG,10080.0,Mammalian,Medium
2063,WQSLTLTHRG,180.0,Yeast,Low
2064,WQVMIVWQVDRMRIR,180.0,Yeast,Low
2065,WQVMIVWQVDRMRIR,120.0,E_coli,Low
2066,WQVMIVWQVDRMRIR,10080.0,Mammalian,Medium
2067,WRGVISLTPLLVCVAALL,120.0,E_coli,Low
2068,WRGVISLTPLLVCVAALL,180.0,Yeast,Low
2069,WRGVISLTPLLVCVAALL,10080.0,Mammalian,Medium
2070,WRKWRKRWWWRKWRKRWW,120.0,E_coli,Low
2071,WRKWRKRWWWRKWRKRWW,180.0,Yeast,Low
2072,WRKWRKRWWWRKWRKRWW,10080.0,Mammalian,Medium
2073,WRWTEQLASNYWILEYLW,120.0,E_coli,Low
2074,WRWTEQLASNYWILEYLW,180.0,Yeast,Low
2075,WRWTEQLASNYWILEYLW,10080.0,Mammalian,Medium
2076,WTEQLASNYWILEYLWKV,10080.0,Mammalian,Medium
2077,WTEQLASNYWILEYLWKV,120.0,E_coli,Low
2078,WTEQLASNYWILEYLWKV,180.0,Yeast,Low
2079,WVNQLAVLGLPAVDAAVA,10080.0,Mammalian,Medium
2080,WVNQLAVLGLPAVDAAVA,180.0,Yeast,Low
2081,WVNQLAVLGLPAVDAAVA,120.0,E_coli,Low
2082,WVRLGRYLLRRLKTPFTR,180.0,Yeast,Low
2083,WVRLGRYLLRRLKTPFTR,10080.0,Mammalian,Medium
2084,WVRLGRYLLRRLKTPFTR,120.0,E_coli,Low
2085,WVRW,180.0,Yeast,Low
2086,WVRW,10080.0,Mammalian,Medium
2087,WVRW,120.0,E_coli,Low
2088,WVRWI,10080.0,Mammalian,Medium
2089,WVRWI,120.0,E_coli,Low
2090,WVRWI,180.0,Yeast,Low
2091,YAGAVANDL,600.0,Yeast,Low
2092,YAGAVANDL,10080.0,Mammalian,Medium
2093,YAGAVANDL,120.0,E_coli,Low
2094,YAGTVINDL,600.0,Yeast,Low
2095,YAGTVINDL,10080.0,Mammalian,Medium
2096,YAGTVINDL,120.0,E_coli,Low
2097,YALLIRMIYKNI,10080.0,Mammalian,Medium
2098,YALLIRMIYKNI,600.0,Yeast,Low
2099,YALLIRMIYKNI,120.0,E_coli,Low
2100,YAVVNDL,10080.0,Mammalian,Medium
2101,YAVVNDL,600.0,Yeast,Low
2102,YAVVNDL,120.0,E_coli,Low
2103,YEIIMDIEQNNVQGKTGIQQ,120.0,E_coli,Low
2104,YEIIMDIEQNNVQGKTGIQQ,10080.0,Mammalian,Medium
2105,YEIIMDIEQNNVQGKTGIQQ,600.0,Yeast,Low
2106,YENQKQIANQFNKAISQIQESLTTTSTA,10080.0,Mammalian,Medium
2107,YENQKQIANQFNKAISQIQESLTTTSTA,120.0,E_coli,Low
2108,YENQKQIANQFNKAISQIQESLTTTSTA,600.0,Yeast,Low
2109,YGAVVNDL,120.0,E_coli,Low
2110,YGVSGHGQHGVHG,600.0,Yeast,Low
2111,YGVSGHGQHGVHG,10080.0,Mammalian,Medium
2112,YGVSGHGQHGVHG,120.0,E_coli,Low
2113,YKPRRKRAAIHVMLALATVLSI,600.0,Yeast,Low
2114,YKPRRKRAAIHVMLALATVLSI,120.0,E_coli,Low
2115,YKPRRKRAAIHVMLALATVLSI,10080.0,Mammalian,Medium
2116,YLDRVDTWLQGKINISLCLT,600.0,Yeast,Low
2117,YLDRVDTWLQGKINISLCLT,10080.0,Mammalian,Medium
2118,YLDRVDTWLQGKINISLCLT,120.0,E_coli,Low
2119,YLWKVPFDFWRGVISLTP,120.0,E_coli,Low
2120,YLWKVPFDFWRGVISLTP,600.0,Yeast,Low
2121,YLWKVPFDFWRGVISLTP,10080.0,Mammalian,Medium
2122,YQALIRMIYKNI,120.0,E_coli,Low
2123,YQALIRMIYKNI,600.0,Yeast,Low
2124,YQALIRMIYKNI,10080.0,Mammalian,Medium
2125,YQLAIRMIYKNI,120.0,E_coli,Low
2126,YQLAIRMIYKNI,600.0,Yeast,Low
2127,YQLAIRMIYKNI,10080.0,Mammalian,Medium
2128,YQLLARMIYKNI,600.0,Yeast,Low
2129,YQLLARMIYKNI,120.0,E_coli,Low
2130,YQLLARMIYKNI,10080.0,Mammalian,Medium
2131,YQLLIAMIYKNI,120.0,E_coli,Low
2132,YQLLIAMIYKNI,10080.0,Mammalian,Medium
2133,YQLLIAMIYKNI,600.0,Yeast,Low
2134,YQLLIRAIYKNI,120.0,E_coli,Low
2135,YQLLIRAIYKNI,600.0,Yeast,Low
2136,YQLLIRAIYKNI,10080.0,Mammalian,Medium
2137,YQLLIRMAYKNI,600.0,Yeast,Low
2138,YQLLIRMAYKNI,10080.0,Mammalian,Medium
2139,YQLLIRMAYKNI,120.0,E_coli,Low
2140,YQLLIRMI,10080.0,Mammalian,Medium
2141,YQLLIRMI,120.0,E_coli,Low
2142,YQLLIRMI,600.0,Yeast,Low
2143,YQLLIRMIAKNI,600.0,Yeast,Low
2144,YQLLIRMIAKNI,10080.0,Mammalian,Medium
2145,YQLLIRMIAKNI,120.0,E_coli,Low
2146,YQLLIRMIY,120.0,E_coli,Low
2147,YQLLIRMIY,10080.0,Mammalian,Medium
2148,YQLLIRMIY,600.0,Yeast,Low
2149,YQLLIRMIYANI,120.0,E_coli,Low
2150,YQLLIRMIYANI,600.0,Yeast,Low
2151,YQLLIRMIYANI,10080.0,Mammalian,Medium
2152,YQLLIRMIYKAI,120.0,E_coli,Low
2153,YQLLIRMIYKAI,600.0,Yeast,Low
2154,YQLLIRMIYKAI,10080.0,Mammalian,Medium
2155,YQLLIRMIYKNA,120.0,E_coli,Low
2156,YQLLIRMIYKNA,600.0,Yeast,Low
2157,YQLLIRMIYKNA,10080.0,Mammalian,Medium
2158,YQLLIRMIYKNI,10080.0,Mammalian,Medium
2159,YQLLIRMIYKNI,600.0,Yeast,Low
2160,YQLLIRMIYKNI,120.0,E_coli,Low
2161,YQLLIRPIYKNI,10080.0,Mammalian,Medium
2162,YQLLIRPIYKNI,120.0,E_coli,Low
2163,YQLLIRPIYKNI,600.0,Yeast,Low
2164,YQVVKQPDYLLVPEEVMEYK,120.0,E_coli,Low
2165,YQVVKQPDYLLVPEEVMEYK,600.0,Yeast,Low
2166,YQVVKQPDYLLVPEEVMEYK,10080.0,Mammalian,Medium
2167,YRWWRWARRW,120.0,E_coli,Low
2168,YRWWRWARRW,10080.0,Mammalian,Medium
2169,YRWWRWARRW,600.0,Yeast,Low
2170,YRWWRWARRWYRWWRWARRW,10080.0,Mammalian,Medium
2171,YRWWRWARRWYRWWRWARRW,120.0,E_coli,Low
2172,YRWWRWARRWYRWWRWARRW,600.0,Yeast,Low
2173,YTMLVVDDL,10080.0,Mammalian,Medium
2174,YTMLVVDDL,120.0,E_coli,Low
2175,YTMLVVDDL,600.0,Yeast,Low
2176,YTSLIHSLIEEAQNQQEKNEQELLELDKWASLWNWF,10080.0,Mammalian,Medium
2177,YTSLIHSLIEEAQNQQEKNEQELLELDKWASLWNWF,600.0,Yeast,Low
2178,YTSLIHSLIEEAQNQQEKNEQELLELDKWASLWNWF,120.0,E_coli,Low
2179,YTSLIHSLIEEDQNQQEKNEQELLELDKWASLWNWF,120.0,E_coli,Low
2180,YTSLIHSLIEEDQNQQEKNEQELLELDKWASLWNWF,10080.0,Mammalian,Medium
2181,YTSLIHSLIEEDQNQQEKNEQELLELDKWASLWNWF,600.0,Yeast,Low
2182,YTSLIHSLIEEEQNQQEKNEQELLELDKWASLWNWF,120.0,E_coli,Low
2183,YTSLIHSLIEEEQNQQEKNEQELLELDKWASLWNWF,600.0,Yeast,Low
2184,YTSLIHSLIEEEQNQQEKNEQELLELDKWASLWNWF,10080.0,Mammalian,Medium
2185,YTSLIHSLIEEFQNQQEKNEQELLELDKWASLWNWF,600.0,Yeast,Low
2186,YTSLIHSLIEEFQNQQEKNEQELLELDKWASLWNWF,10080.0,Mammalian,Medium
2187,YTSLIHSLIEEFQNQQEKNEQELLELDKWASLWNWF,120.0,E_coli,Low
2188,YTSLIHSLIEEGQNQQEKNEQELLELDKWASLWNWF,10080.0,Mammalian,Medium
2189,YTSLIHSLIEEGQNQQEKNEQELLELDKWASLWNWF,600.0,Yeast,Low
2190,YTSLIHSLIEEGQNQQEKNEQELLELDKWASLWNWF,120.0,E_coli,Low
2191,YTSLIHSLIEEHQNQQEKNEQELLELDKWASLWNWF,120.0,E_coli,Low
2192,YTSLIHSLIEEHQNQQEKNEQELLELDKWASLWNWF,10080.0,Mammalian,Medium
2193,YTSLIHSLIEEHQNQQEKNEQELLELDKWASLWNWF,600.0,Yeast,Low
2194,YTSLIHSLIEEIQNQQEKNEQELLELDKWASLWNWF,10080.0,Mammalian,Medium
2195,YTSLIHSLIEEIQNQQEKNEQELLELDKWASLWNWF,120.0,E_coli,Low
2196,YTSLIHSLIEEIQNQQEKNEQELLELDKWASLWNWF,600.0,Yeast,Low
2197,YTSLIHSLIEEKQNQQEKNEQELLELDKWASLWNWF,600.0,Yeast,Low
2198,YTSLIHSLIEEKQNQQEKNEQELLELDKWASLWNWF,10080.0,Mammalian,Medium
2199,YTSLIHSLIEEKQNQQEKNEQELLELDKWASLWNWF,120.0,E_coli,Low
2200,YTSLIHSLIEELQNQQEKNEQELLELDKWASLWNWF,600.0,Yeast,Low
2201,YTSLIHSLIEELQNQQEKNEQELLELDKWASLWNWF,10080.0,Mammalian,Medium
2202,YTSLIHSLIEELQNQQEKNEQELLELDKWASLWNWF,120.0,E_coli,Low
2203,YTSLIHSLIEEMQNQQEKNEQELLELDKWASLWNWF,600.0,Yeast,Low
2204,YTSLIHSLIEEMQNQQEKNEQELLELDKWASLWNWF,120.0,E_coli,Low
2205,YTSLIHSLIEEMQNQQEKNEQELLELDKWASLWNWF,10080.0,Mammalian,Medium
2206,YTSLIHSLIEENQNQQEKNEQELLELDKWASLWNWF,10080.0,Mammalian,Medium
2207,YTSLIHSLIEENQNQQEKNEQELLELDKWASLWNWF,120.0,E_coli,Low
2208,YTSLIHSLIEENQNQQEKNEQELLELDKWASLWNWF,600.0,Yeast,Low
2209,YTSLIHSLIEEPQNQQEKNEQELLELDKWASLWNWF,600.0,Yeast,Low
2210,YTSLIHSLIEEPQNQQEKNEQELLELDKWASLWNWF,10080.0,Mammalian,Medium
2211,YTSLIHSLIEEPQNQQEKNEQELLELDKWASLWNWF,120.0,E_coli,Low
2212,YTSLIHSLIEEQQNQQEKNEQELLELDKWASLWNWF,120.0,E_coli,Low
2213,YTSLIHSLIEEQQNQQEKNEQELLELDKWASLWNWF,600.0,Yeast,Low
2214,YTSLIHSLIEEQQNQQEKNEQELLELDKWASLWNWF,10080.0,Mammalian,Medium
2215,YTSLIHSLIEERQNQQEKNEQELLELDKWASLWNWF,120.0,E_coli,Low
2216,YTSLIHSLIEERQNQQEKNEQELLELDKWASLWNWF,10080.0,Mammalian,Medium
2217,YTSLIHSLIEERQNQQEKNEQELLELDKWASLWNWF,600.0,Yeast,Low
2218,YTSLIHSLIEESQNQQEKNEQELLELDKWASLWNWF,10080.0,Mammalian,Medium
2219,YTSLIHSLIEETQNQQEKNEQELLELDKWASLWNWF,10080.0,Mammalian,Medium
2220,YTSLIHSLIEETQNQQEKNEQELLELDKWASLWNWF,120.0,E_coli,Low
2221,YTSLIHSLIEETQNQQEKNEQELLELDKWASLWNWF,600.0,Yeast,Low
2222,YTSLIHSLIEEVQNQQEKNEQELLELDKWASLWNWF,600.0,Yeast,Low
2223,YTSLIHSLIEEVQNQQEKNEQELLELDKWASLWNWF,120.0,E_coli,Low
2224,YTSLIHSLIEEVQNQQEKNEQELLELDKWASLWNWF,10080.0,Mammalian,Medium
2225,YTSLIHSLIEEWQNQQEKNEQELLELDKWASLWNWF,10080.0,Mammalian,Medium
2226,YTSLIHSLIEEWQNQQEKNEQELLELDKWASLWNWF,600.0,Yeast,Low
2227,YTSLIHSLIEEWQNQQEKNEQELLELDKWASLWNWF,120.0,E_coli,Low
2228,YTSLIHSLIEEYQNQQEKNEQELLELDKWASLWNWF,120.0,E_coli,Low
2229,YTSLIHSLIEEYQNQQEKNEQELLELDKWASLWNWF,10080.0,Mammalian,Medium
2230,YTSLIHSLIEEYQNQQEKNEQELLELDKWASLWNWF,600.0,Yeast,Low
2231,YVREHGVPIHADKYFEQVLK,120.0,E_coli,Low
2232,YVREHGVPIHADKYFEQVLK,600.0,Yeast,Low
2233,YVREHGVPIHADKYFEQVLK,10080.0,Mammalian,Medium
2234,YWILEYLWKVPFDFWRGV,120.0,E_coli,Low
2235,YWILEYLWKVPFDFWRGV,10080.0,Mammalian,Medium
2236,YWILEYLWKVPFDFWRGV,600.0,Yeast,Low
2237,YAGAVVNDL,120.0,E_coli,Low
