sequence,half_life_seconds,is_mod,modifications
AC-GFGCNGPWNEDDLRCHNHCKSIKGYKGGYCAKGGFVCKCY-NH2,3600.0,False,
AC-WEEWDREINNYTKLIHELIEESQNQQEKNEQELL-NH2,6012.0,False,
AC-GIINTLQKYYCRVRGGRCAVLSCLPKEEQIGKCSTRGRKCCRRKK-NH2,14400.0,False,
AC-IWIAQELRRIGDEFNAYYARR-NH2,3899.9999999999995,False,
AC-IWIAQELRXIGDXFNAYYARR-NH2,3120.0,False,
AC-FMHNLWKHLSSMERVEWLRKKLQDVHNF-NH2,24.0,False,
AC-NSGLSFEELYRNAYTMVLHL-NH2,25200.0,False,
KIKIPWGKVKDFLVGGMKAV-NH2,54000.0,False,
CENTISGCSRADCLLYHRKQGCQKTCGLC,10800.0,False,
CENTISGCSRADCLLTHRKYGCQKTCGLC,57600.0,False,
CENTISGCSRADCLLTHRKQGCQKTCGYC,7200.0,False,
AC-Y-E9-X-PLGLAG-R9-X-K-(DOTA)-NH2,1584.0,False,
VEPNCDIHVILEWEWECFERL-NH2,96.0,False,
AC-AAQLRRIGDKVNLRQKLLN,245.99999999999997,False,
AC-AAC’LRAIGDC’VNLAQALLN,2130.0,False,
MDYKDDDDKGSGSTLDDMEEMDGLSDT,21600.0,False,
CF-KPVSLSYRCPCRFFESHVARANVKHLKILNTPNCALQIVARLKNNNRQVCIDPKLKWIQEYLEKALNK-OH,144.0,False,
(VRLPPP)3,55440.0,False,
HAPLEPVYPGDNATPEQMAQYAADLRRYINMLTRPRY-TAMRA,88920.0,False,
HAPLEPVYPGDNATPEQMAQYAADLRRYINMLTRPRY-NH2,489600.0,False,
AC-LLLLRVKR-NH2,18000.0,False,
GLURPRLSHKGPMPF,846.0,False,
CGMKRTRGC,14400.0,False,
KWVRWIKQVONG,420.0,False,
RWVKVPGOFIKQ,18000.0,False,
RWVKVNGOWIKQ,11880.0,False,
RWVKVPGOWIKQ,18000.0,False,
RWVWVNGOKILQ,7020.0,False,
VSADPSRVNAYKSADSRVNST,480.0,False,
GGFSFRF-NH2,671.9999999999999,False,
G(ME)GFSFRF-NH2,3173.9999999999995,False,
GG(ME)FSFRF-NH2,1686.0000000000002,False,
IKPEAPGEDASPEELNRYYASLRHYLNLVTRQRY-NH2,13980.0,False,
LAEAKGVSAKTALP,1380.0,False,
CQGTSNKLTQLGTFEDHFLSLQRMFNNC,5340.0,False,
MFYAYEYAQWSK,1260.0,False,
MITWYEFVAGTK,18.0,False,
VDNKFNKEQCNARAIEAALDPNLNDQQFHAKIWSIIDDC-NH2,14.4,False,
YPFF-NH2,360.0,False,
ΒAGLRKRLRKFRNKIEK-NH2,30600.0,False,
ΒAGLRK[Β(A)2-NIA]RLRKFRNK[Β(A)2-NIA]IEK-NH2,39960.0,False,
HSDAVFTDNYTRLRK-QMAVKKYLNSILN,1800.0,False,
AC-YKKK(AHX)ARHYINLITRQRY,3600.0,False,
AC-(AHX)ARHYINLITRQRY,3600.0,False,
AC-KKKKPYIL,7200.0,False,
RKKYKYRRK-NH2,2700.0,False,
GFGMALKLLKKVL-NH2,57600.0,False,
TRSSRAGLQFPVGRVHRLLRK,300.0,False,
RWCVYARVRGVRYRRCW,14400.0,False,
RWCVYACVRGVCYRRCW,86400.0,False,
GRKKRRQRRRPWQ-NH2,120.0,False,
(GRKKRRQRRRPWQC-NH2)2,120.0,False,
(GRKKRRQRRRPWQ)2-K-NH2,120.0,False,
BLGTYTQDFNXFHTFPQTAIGVGAP,9360.0,False,
AC-HARIKPTFRRLKWKYKGKFW,28800.0,False,
QGLNPYNLEDL-NH2,1200.0,False,
YRFK-NH2,22200.0,False,
PGHWSYGLRPG-VKRFKKFFRKLKKSV-NH2,1800.0,False,
QHWSWGLRPG-VKRFKKFFRKLKKSV-NH2,1800.0,False,
PGHWSYWLRPG-VKRFKKFFRKLKKSV-NH2,5400.0,False,
KKLFKKILKYL-NH2,1200.0,False,
SLRRSSCFGGRMDRIGAQSGLGCNSFRY,156.0,False,
YPWF-NH2,162.00000000000003,False,
HGEGYFYSDLSKQMEEEAVRLFIEWLKNGGGKCNTATCVLGRLSQELHRLQTYPRTNTGSNTY,2460.0,False,
KRFKKFFKKVKKSVKKRLKKIFKKPMVIGVTIPF,4260.0,False,
KRFKKFFKKVKKSV,1260.0,False,
KKRLKKIFKKPMVIGVTIPF,46200.0,False,
ACI NTWNPWCIIPWDAPLCIIIA,86400.0,False,
CF-APLEPVYPGDNATPEQMAQYAADLRRYINMLTRPRY-NH2,180000.0,False,
CF-APLEPVYPGDNAKPEQMAQYAADLRRYINMLTRQRY-NH2,180000.0,False,
AC-WEEWDREINNYTK(ALB)LIHELIEESQNQQEKNEQELL-NH2,92880.0,True,Albumin
(PEG)2-KWKLFKKIFKRIVQRIKDFLR-NH2,3600.0,True,PEGylation
DABTDABDABDABLLDABDABT,5760.0,True,Cyclization
AC-KLKLKLKLKLKLKLKLKKLKKLKKLKKLKKLKKLKKL-NH2,64800.0,True,Branched
AC-FMHNLWKWLSSMERVEWLRKKLQDVHNF-NH2,5400.0,True,α to β replacement
AC-YGGF-HIC-NH2,198.0,True,Hydroxy isocaproic acid
AC-YGGFL-NH2,641.9999999999999,True,Methylation
MITWIDFISPSK,156.0,True,Cyclization
MTWFEYLSGSK,5400.0,True,Cyclization
MTWFEFLSSTSK,5400.0,True,Cyclization
AC-NSGLSFEES5YRNS5YTMVLHK-NH2,79200.0,True,Unnatural amino acid
AC-NSGLSFES5LYRS5AYTMVLHK-NH2,79200.0,True,Unnatural amino acid
AC-NSGLS5FEES5YRNAYTMVLHK-NH2,25200.0,True,Unnatural amino acid
HYNIC-DDWAVGHDF-NHME,600.0,True,Methylation
HYNIC-DDWAVGHDY-NHME,900.0,True,Methylation
LLLLPY,21600.0,True,Cyclization/Methylation
LL(ME)LLPY,21600.0,True,Cyclization/Methylation
AC-[CMPRLRGC]C-NH2,4176.0,True,Cyclization
AC-[D-“PEN”M“THZ”RLRGC]C-NH2,6804.0,True,Cyclization/D-amino acid/Propionylation
PR-[CM“THZ”RLRG“PEN”]C-NH2,15371.999999999998,True,Cyclization/Propionylation
PR-[CM“THZ”RLR“SAR”“PEN”]C-NH2,15659.999999999998,True,Cyclization/Propionylation
PR-[CM“PIP”RLR“SAR”C]C-NH2,23976.0,True,Cyclization/Propionylation
PR-[CM“PIP”RLRG“PEN”]C-NH2,14508.0,True,Cyclization/Propionylation
PR-[CM“PIP”RLR“SAR”“PEN”]C-NH2,36000.0,True,Cyclization/Propionylation
AC-HPCDYPEWQWLCELG-PEG4-K-NH2,11880.0,True,PEGylation/Lipidation
VΒEPΒNCDIHVILEWΒEWECFERΒL-NH2,1440.0,True,β-peptide
ΒVEΒPNCDIHVILEΒWEWΒECFERΒL-NH2,18000.0,True,β-peptide
MOC-AMAMC’LRAIGDC’VNLAQALLN,1782.0,True,Methylation
RRRRR5RRRRRRS8,186.0,True,Stapled
S5RRRB5RRRRRRS8,3840.0,True,Stitched
MDYKDDDDKGSGSTLDD(O2BEY)EEMDGCSDT,21600.0,True,Cyclization
MDYKDDDDKGSGSTLDW(O2BEY)EEMDMCTDT,21600.0,True,Cyclization
MDYKDDDDKGSGSTLSW(O2BEY)EAMDMCTDT,21600.0,True,Cyclization
CF-KPVSLSYRCPCRFFESHVARANVKHLKILNTPNCALQIVARLKNNNRQVCIDPKLKWIQEYLEKALNK-FA,954.0,True,Lipidation
YPSK(X-Y)PDFPGEDAPAEDLARYYSALRHYINLITRPRY,111600.0,True,X-amide
LF(ME)PLA(ME)LF(ME)PLA(ME),153360.0,True,Cyclization/Methylation
LT(ME)PLA(ME)LT(ME)PLA(ME),6840.0,True,Cyclization/Methylation
LPYRA(ME)PLA(ME)LPYRA(ME)PLA(ME),8640.0,True,Cyclization/Methylation
LPYRAPLA(ME)LPYRAPLA(ME),4680.0,True,Cyclization/Methylation
LY(ME)PLA(ME)LY(ME)PLA(ME),14400.0,True,Cyclization/Methylation
LF(ME)PLA(ME)LPYRAPLA(ME),21960.0,True,Cyclization/Methylation
LF(ME)PLA(ME)LT(ME)PLA(ME),16200.0,True,Cyclization/Methylation
LF(ME)PLG(ME)LF(ME)PLG(ME),20880.0,True,Cyclization/Methylation
LF(ME)PGL(ME)LF(ME)PGL(ME),17280.0,True,Cyclization/Methylation
LF(ME)PLA(ME)LF(ME)PGL(ME),15480.0,True,Cyclization/Methylation
LF(ME)PLA(ME)LF(ME)PLD(ME),9000.0,True,Cyclization/Methylation
LF(ME)PLA(ME)LF(ME)PLK(ME),21960.0,True,Cyclization/Methylation
LF(ME)PLA(ME)LF(ME)PLT(ME),99360.0,True,Cyclization/Methylation
HAPLEPVYPGDNATPEQMAQYAADLRRYINMLTRPRY- TAMRA,1571760.0,True,Lipidation
AC-[PEG8]LLLLRVKR-NH2,14400.0,True,PEGylation
AC-[C8]LLLLRVKR-NH2,18000.0,True,Lipidation
AC-LLLLRVK[AMBA],43200.0,True,Unnatural amino acid
AC-[PEG8]LLLLRVK[AMBA],36000.0,True,PEGylation
AC-[C8]LLLLRVK[AMBA],36000.0,True,Lipidation/Unnatural amino acid
GLURPRFSHKGPNLEPF,996.0,True,Unnatural amino acid
GLURPRCHASHKGPNLEPF,1338.0000000000002,True,Unnatural amino acid
GLURPRKSHKGPNLEPF,546.0,True,Unnatural amino acid
GLURPRESHKGPNLEPF,2100.0,True,Unnatural amino acid
GLURPRDLSHKGPMPF,3120.0,True,D-amino acid
GLURPRLDSHKGPMPF,2700.0,True,D-amino acid
GLURPRLSHKGPNLEPY(OBN),3960.0000000000005,True,Unnatural amino acid
GLURPRLSHKGPNLEP(L-A-ME)F,7200.0,True,Unnatural amino acid
GLURPRLSHKGPNLEPBPA,3300.0,True,Unnatural amino acid
GLURPRLSHKGPNLEPF(4-ME),2580.0,True,Methylation
GLURPRLSHKGPMPDF,780.0,True,D-amino acid
C[CGNKRTRGC]RGDS,86400.0,True,Cyclization
CGNKRTRGCRCVCRRGDSCRCV,86400.0,True,Cyclization
VSADPSAVNAYKSADSRVNST,210.0,True,Amino acid substitution
VSADPSRANAYKSADSRVNST,960.0,True,Amino acid substitution
VSADPSRVAAYKSADSRVNST,462.0,True,Amino acid substitution
VSADPSRVNAAKSADSRVNST,432000.0,True,Amino acid substitution
VSADPSRVNAYASADSRVNST,300.0,True,Amino acid substitution
VSADPSRVNAYKAADSRVNST,540.0,True,Amino acid substitution
VSADPSDRVNAYKSADSRVNST,600.0,True,D-amino acid
VSADPSRDVNAYKSADSRVNST,32400.0,True,D-amino acid
VSADPSRVDNAYKSADSRVNST,13680.0,True,D-amino acid
VSADPSRVNDAYKSADSRVNST,432000.0,True,D-amino acid
VSADPSRVNADYKSADSRVNST,154800.0,True,D-amino acid
VSADPSRVNAYDKSADSRVNST,8280.0,True,D-amino acid
VSADPSRVNAYKDSADSRVNST,6480.0,True,D-amino acid
VSADPSRVNAYKSDADSRVNST,636.0,True,D-amino acid
VSADPSR(ME)VNAYKSADSRVNST,600.0,True,Methylation
VSADPSRV(ME)NAYKSADSRVNST,1440.0,True,Methylation
VSADPSRVN(ME)AYKSADSRVNST,2280.0,True,Methylation
VSADPSRVNA(ME)YKSADSRVNST,504.00000000000006,True,Methylation
VSADPSRVNAY(ME)KSADSRVNST,432000.0,True,Methylation
VSADPSRVNAYK(ME)SADSRVNST,43200.0,True,Methylation
VSADPSRVNAYKS(ME)ADSRVNST,5760.0,True,Methylation
VSADPSRVNAYKSA(ME)DSRVNST,600.0,True,Methylation
VSADPSΒRVNAYKSADSRVNST,402.0,True,α-helix
S(ΒDGLC) KPEAPGEDASPEELNRYYASLRHYLNLVTRQRY-NH2,10560.0,True,Glycosylation
IKPEAPGEDAS(ΒDGLC)PEELNRYYASLRHYLNLVTRQRY-NH2,9180.0,True,Glycosylation
IKPEAPGEDASPEELS(ΒDGLC)RYYASLRHYLNLVTRQRY-NH2,11280.0,True,Glycosylation
IKPEAPGEDASPEELNRYYS(ΒDGLC)SLRHYLNLVTRQRY-NH2,10080.0,True,Glycosylation
IKPEAPGEDASPEELNRYYAS(ΒDGLC)LRHYLNLVTRQRY-NH2,10560.0,True,Glycosylation
IKPEAPGEDASPEELNRY(ΒDGLC)YASLRHYLNLVTRQRY-NH2,16140.0,True,Glycosylation
IKPEAPS(ΒDGAL) EDASPEELNRYYASLRHYLNLVTRQRY-NH2,13020.0,True,Glycosylation
IKPEAPSEDAS(ΒDGAL) PEELNRYYASLRHYLNLVTRQRY-NH2,9240.0,True,Glycosylation
IKPEAPSEDASPEELNRYYAS(ΒDGAL) LRHYLNLVTRQRY-NH2,9000.0,True,Glycosylation
IKPEAPSEDASPEELNRY(ΒDGAL) YASLRHYLNLVTRQRY-NH2,11820.0,True,Glycosylation
IKPEAPSEDASPEELNRYY(ΒDGAL) ASLRHYLNLVTRQRY-NH2,13500.0,True,Glycosylation
LAEAKGCSAKTAKP,60.0,True,Amino acid substitution 
WMEWDREINN(GLC)YTSLIHSLIEESQNQQEKNEQELL-NH2,14400.0,True,Glycosylation
VDNKFNKEXCNXRAIEAALDPNLNDQQFHAKIWXIIUDCG-NH2,4080.0,True,α/β peptide
KRIVQRIKDFLR,300.0,True,Amino acid substitution
KRIVQAIKDFLR,120.0,True,Amino acid substitution
KRIVQKIKDFLR,90.0,True,Amino acid substitution
KRIVQRIKDFLA,90.0,True,Amino acid substitution
KRIVQRIKDFLK,90.0,True,Amino acid substitution
YPFP-NH2,1590.0,True,Unnatural amino acid
YPFCAMP-NH2,900.0,True,Unnatural amino acid
YCAAMPFP-NH2,822.0,True,Unnatural amino acid
YCAMPFCAMP-NH2,1050.0,True,Unnatural amino acid
HSDAVFTDNYT(ΒGAL)RLRK-QMAVKKYLNSILN,2700.0,True,Glycosylation
AC-YKK(KP)(AHX)ARHYINLITRQRY,10800.0,True,Unnatural amino acid
AC-K(KP)KKPYIL,10800.0,True,Unnatural amino acid
R(ME)KKYKYRDRK-NH2,32400.0,True,D-amino acid/Methylation
R(ME)KKYKYRRKPGP-OH,21600.0,True,Methylation
R(NO2)KKYKYRRK-NH2,7200.0,True,Nitro group
R(CH2NH)KKYKYRDRK-NH2,32400.0,True,Pseudopeptide bond
R(CH2NH)KKYKYRRKPGP-OH,21600.0,True,Pseudopeptide bond
C[RKKYKYRRK],43200.0,True,Cyclization
GDGDMDADLDKDLDLDKDKDVDL-NH2,86400.0,True,D-amino acid
GDFGMALKLLKKVL-NH2,86400.0,True,D-amino acid
GFDKMALKLLKKVL-NH2,3600.0,True,D-amino acid/Amino acid substitution
GFGMALOLLOOVL-NH2,21600.0,True,Amino acid substitution
DAFGMALKLLKKVL-NH2,86400.0,True,D-amino acid/Amino acid substitution
DAFKMALKLLKKVL-NH2,86400.0,True,D-amino acid/Amino acid substitution
DADFKMALKLLKKVL-NH2,28800.0,True,D-amino acid/Amino acid substitution
C[BLGTYTQDFNXFHTFPQTAIGVGAP],46440.0,True,Cyclization
"H-KKWB2,2WKK-NH2",86400.0,True,Unnatural amino acid
TTP3-YRFK-NH2,2760.0,True,Amino acid substitution
TPP6-YRFK-NH2,4200.0,True,Amino acid substitution
YDRFK-NH2,52740.0,True,D-amino acid
PEG-LVPRLVPR HBEGTFTSDVSSYLEGQAAKEFIAWLVKBRNH2,45360.0,True,PEGylation
PEG-LVPR- HBEGTFTSDVSSYLEGQAAKEFIAWLVKBRNH2,288000.0,True,PEGylation
PEG-LDPR- HBEGTFTSDVSSYLEGQAAKEFIAWLVKBRNH2,275040.0,True,PEGylation
PEG-LVPRLVPR-KCNTATCATQRLANFLVHSSNNFGAILSSTNVGSNTY-NH₂,26640.0,True,PEGylation
PEG-LVPR- KCNTATCATQRLANFLVHSSNNFGAILSSTNVGSNTY-NH₂,42480.0,True,PEGylation
PEG-LDPR- KCNTATCATQRLANFLVHSSNNFGAILSSTNVGSNTY-NH₂,38160.0,True,PEGylation
PEG-LVPRLVPR KCNTATCATQRLANFLVHSSNNFGPILPPTNVGSNTY-NH2,18000.0,True,PEGylation
PEG-LVPR- KCNTATCATQRLANFLVHSSNNFGPILPPTNVGSNTY-NH2,23760.0,True,PEGylation
PEG-LDPR- KCNTATCATQRLANFLVHSSNNFGPILPPTNVGSNTY-NH2,32400.0,True,PEGylation
C16H31O-KKLFKKILKYL-NH2,7200.0,True,Lipidation
C16H31O-GGKKLFKKILKYL-NH2,7200.0,True,Lipidation
SLRRSSCFGGRMDRIGAQSGLGCNSFRYRITAREDKQGWA,270.0,True,frameshit
GLU-YPFF-NH2,3438.0,True,Glycosylation
L14-HGEGYFYSDLSKQMEEEAVRLFIEWLKNGGPSSGAPPPSGGGKCNTATCVLGRLSQELHRLQTYPRTNTGSNTY,3000.0,True,Lipidation
ACETYL-CIS1W2P3A4R5CIIL6H7Q8D9L10CIII,86400.0,True,Amino acid substitution
ACETYL-CIS1F2AZE3Y4R5CIIALA(ME)6H7Q8D9L10CIII,86400.0,True,Amino acid substitution/Methylation
C[XRPRX]CSHKGPNLEPF,2880.0,True,Cyclization/Unnatural amino acid
PYRC[RXPRLX]CHKGPNLEPF,7920.000000000001,True,Cyclization/Unnatural amino acid
PYRRC[XRLSX]CKGPNLEPF,14040.0,True,Cyclization/Unnatural amino acid
PYRRPC[RXLSHX]CGPNLEPF,27720.0,True,Cyclization/Unnatural amino acid
PYRRPRLSC[XKGPX]CPF,23760.0,True,Cyclization
PYRRPRLSHC[XGPNLEX]CF,16560.0,True,Cyclization/Unnatural amino acid
PYRRPRLSHKC[XPNLEPX]C,30960.0,True,Cyclization/Unnatural amino acid
