sequence,half_life_seconds,is_mod,modifications,experimental_characteristics,hl_category
AC-WEEWDREINNYTK(ALB)LIHELIEESQNQQEKNEQELL-NH2,92880.0,True,Albumin,rat,High
AC-WEEWDREINNYTK(ALB)LIHELIEESQNQQEKNEQELL-NH2,368640.0,True,Albumin,monkey,High
(PEG)2-KWKLFKKIFKRIVQRIKDFLR-NH2,3600.0,True,PEGylation,rat,Low
DABTDABDABDABLLDABDABT,5760.0,True,Cyclization,rat,Low
DABTDABDABDABLLDABDABT,2070.0,True,Cyclization,mouse,Low
N.A.,10800.0,True,Cyclization/Methylation,mouse,Medium
AC-KLKLKLKLKLKLKLKLKKLKKLKKLKKLKKLKKLKKL-NH2,64800.0,True,Branched,human serum,High
AC-FMHNLWKWLSSMERVEWLRKKLQDVHNF-NH2,5400.0,True,α to β replacement,trypsin,Low
AC-YGGF-HIC-NH2,198.0,True,Hydroxy isocaproic acid,human serum,Low
AC-YGGFL-NH2,641.9999999999999,True,Methylation,human serum,Low
MITWIDFISPSK,156.0,True,Cyclization,chymotrypsin,Low
MITWIDFISPSK,19.8,True,Cyclization,human serum,Low
MTWFEYLSGSK,5400.0,True,Cyclization,chymotrypsin,Low
MTWFEFLSSTSK,5400.0,True,Cyclization,chymotrypsin,Low
MTWFEFLSSTSK,462.0,True,Cyclization,human serum,Low
AC-NSGLSFEES5YRNS5YTMVLHK-NH2,79200.0,True,Unnatural amino acid,human serum,High
AC-NSGLSFES5LYRS5AYTMVLHK-NH2,79200.0,True,Unnatural amino acid,human serum,High
AC-NSGLS5FEES5YRNAYTMVLHK-NH2,25200.0,True,Unnatural amino acid,human serum,High
HYNIC-DDWAVGHDF-NHME,600.0,True,Methylation,mouse,Low
HYNIC-DDWAVGHDY-NHME,900.0,True,Methylation,mouse,Low
LLLLPY,21600.0,True,Cyclization/Methylation,human plasma,High
LLLLPY,10080.0,True,Cyclization/Methylation,rat,Medium
LL(ME)LLPY,21600.0,True,Cyclization/Methylation,human plasma,High
LL(ME)LLPY,21600.0,True,Cyclization/Methylation,rat,High
AC-[D-“PEN”M“THZ”RLRGC]C-NH2,6804.0,True,Cyclization/D-amino acid/Propionylation,mouse plasma,Low
PR-[CM“THZ”RLRG“PEN”]C-NH2,15371.999999999998,True,Cyclization/Propionylation,mouse plasma,Medium
PR-[CM“THZ”RLR“SAR”“PEN”]C-NH2,15659.999999999998,True,Cyclization/Propionylation,mouse plasma,Medium
PR-[CM“PIP”RLR“SAR”C]C-NH2,23976.0,True,Cyclization/Propionylation,mouse plasma,High
PR-[CM“PIP”RLRG“PEN”]C-NH2,14508.0,True,Cyclization/Propionylation,mouse plasma,Medium
PR-[CM“PIP”RLR“SAR”“PEN”]C-NH2,36000.0,True,Cyclization/Propionylation,mouse plasma,High
VΒEPΒNCDIHVILEWΒEWECFERΒL-NH2,1440.0,True,β-peptide,proteinase K,Low
ΒVEΒPNCDIHVILEΒWEWΒECFERΒL-NH2,18000.0,True,β-peptide,proteinase K,Medium
MOC-AMAMC’LRAIGDC’VNLAQALLN,1782.0,True,Methylation,chymotrypsin,Low
MOC-AMAMC’LRAIGDC’VNLAQALLN,1176.0000000000002,True,Methylation,trypsin,Low
MOC-AMAMC’LRAIGDC’VNLAQALLN,1272.0,True,Methylation,mouse serum,Low
RRRRR5RRRRRRS8,186.0,True,Stapled,trypsin,Low
S5RRRB5RRRRRRS8,3840.0,True,Stitched,trypsin,Low
MDYKDDDDKGSGSTLDD(O2BEY)EEMDGCSDT,21600.0,True,Cyclization,human serum,High
MDYKDDDDKGSGSTLDW(O2BEY)EEMDMCTDT,21600.0,True,Cyclization,human serum,High
MDYKDDDDKGSGSTLSW(O2BEY)EAMDMCTDT,21600.0,True,Cyclization,human serum,High
CF-KPVSLSYRCPCRFFESHVARANVKHLKILNTPNCALQIVARLKNNNRQVCIDPKLKWIQEYLEKALNK-FA,954.0,True,Lipidation,liver homogenates,Low
LF(ME)PLA(ME)LF(ME)PLA(ME),153360.0,True,Cyclization/Methylation,rat,High
LT(ME)PLA(ME)LT(ME)PLA(ME),6840.0,True,Cyclization/Methylation,rat,Low
LPYRA(ME)PLA(ME)LPYRA(ME)PLA(ME),8640.0,True,Cyclization/Methylation,rat,Medium
LPYRAPLA(ME)LPYRAPLA(ME),4680.0,True,Cyclization/Methylation,rat,Low
LY(ME)PLA(ME)LY(ME)PLA(ME),14400.0,True,Cyclization/Methylation,rat,Medium
LF(ME)PLA(ME)LT(ME)PLA(ME),16200.0,True,Cyclization/Methylation,rat,Medium
LF(ME)PLG(ME)LF(ME)PLG(ME),20880.0,True,Cyclization/Methylation,rat,High
LF(ME)PGL(ME)LF(ME)PGL(ME),17280.0,True,Cyclization/Methylation,rat,Medium
LF(ME)PLA(ME)LF(ME)PGL(ME),15480.0,True,Cyclization/Methylation,rat,Medium
LF(ME)PLA(ME)LF(ME)PLD(ME),9000.0,True,Cyclization/Methylation,rat,Medium
LF(ME)PLA(ME)LF(ME)PLK(ME),21960.0,True,Cyclization/Methylation,rat,High
LF(ME)PLA(ME)LF(ME)PLT(ME),99360.0,True,Cyclization/Methylation,rat,High
AC-[PEG8]LLLLRVK[AMBA],36000.0,True,PEGylation,mouse plasma,High
AC-[C8]LLLLRVK[AMBA],36000.0,True,Lipidation/Unnatural amino acid,mouse plasma,High
GLURPRLSHKGPNLEPF,942.0,True,Unnatural amino acid,rat,Low
GLURPRFSHKGPNLEPF,996.0,True,Unnatural amino acid,rat,Low
GLURPRCHASHKGPNLEPF,1338.0000000000002,True,Unnatural amino acid,rat,Low
GLURPRKSHKGPNLEPF,546.0,True,Unnatural amino acid,rat,Low
GLURPRESHKGPNLEPF,2100.0,True,Unnatural amino acid,rat,Low
GLURPRDLSHKGPMPF,3120.0,True,D-amino acid,rat,Low
GLURPRLDSHKGPMPF,2700.0,True,D-amino acid,rat,Low
GLURPRLSHKGPNLEPY(OBN),3960.000000000001,True,Unnatural amino acid,rat,Low
GLURPRLSHKGPNLEP(L-A-ME)F,7200.0,True,Unnatural amino acid,rat,Low
GLURPRLSHKGPNLEPBPA,3300.0,True,Unnatural amino acid,rat,Low
GLURPRLSHKGPNLEPF(4-ME),2580.0,True,Methylation,rat,Low
GLURPRLSHKGPMPDF,780.0,True,D-amino acid,rat,Low
C[CGNKRTRGC]RGDS,86400.0,True,Cyclization,human serum,High
CGNKRTRGCRCVCRRGDSCRCV,86400.0,True,Cyclization,human serum,High
VSADPSAVNAYKSADSRVNST,210.0,True,Amino acid substitution,human serum,Low
VSADPSRANAYKSADSRVNST,960.0,True,Amino acid substitution,human serum,Low
VSADPSRVAAYKSADSRVNST,462.0,True,Amino acid substitution,human serum,Low
VSADPSRVNAAKSADSRVNST,432000.0,True,Amino acid substitution,human serum,High
VSADPSRVNAYASADSRVNST,300.0,True,Amino acid substitution,human serum,Low
VSADPSRVNAYKAADSRVNST,540.0,True,Amino acid substitution,human serum,Low
VSADPSDRVNAYKSADSRVNST,600.0,True,D-amino acid,human serum,Low
VSADPSRDVNAYKSADSRVNST,32400.0,True,D-amino acid,human serum,High
VSADPSRVDNAYKSADSRVNST,13680.0,True,D-amino acid,human serum,Medium
VSADPSRVNDAYKSADSRVNST,432000.0,True,D-amino acid,human serum,High
VSADPSRVNADYKSADSRVNST,154800.0,True,D-amino acid,human serum,High
VSADPSRVNAYDKSADSRVNST,8280.0,True,D-amino acid,human serum,Medium
VSADPSRVNAYKDSADSRVNST,6480.0,True,D-amino acid,human serum,Low
VSADPSRVNAYKSDADSRVNST,636.0,True,D-amino acid,human serum,Low
VSADPSR(ME)VNAYKSADSRVNST,600.0,True,Methylation,human serum,Low
VSADPSRV(ME)NAYKSADSRVNST,1440.0,True,Methylation,human serum,Low
VSADPSRVN(ME)AYKSADSRVNST,2280.0,True,Methylation,human serum,Low
VSADPSRVNA(ME)YKSADSRVNST,504.00000000000006,True,Methylation,human serum,Low
VSADPSRVNAY(ME)KSADSRVNST,432000.0,True,Methylation,human serum,High
VSADPSRVNAYK(ME)SADSRVNST,43200.0,True,Methylation,human serum,High
VSADPSRVNAYKS(ME)ADSRVNST,5760.0,True,Methylation,human serum,Low
VSADPSRVNAYKSA(ME)DSRVNST,600.0,True,Methylation,human serum,Low
VSADPSΒRVNAYKSADSRVNST,402.0,True,α-helix,human serum,Low
S(ΒDGLC) KPEAPGEDASPEELNRYYASLRHYLNLVTRQRY-NH2,10560.0,True,Glycosylation,trypsin,Medium
S(ΒDGLC) KPEAPGEDASPEELNRYYASLRHYLNLVTRQRY-NH2,10080.0,True,Glycosylation,proteinase K,Medium
IKPEAPGEDAS(ΒDGLC)PEELNRYYASLRHYLNLVTRQRY-NH2,9180.0,True,Glycosylation,trypsin,Medium
IKPEAPGEDAS(ΒDGLC)PEELNRYYASLRHYLNLVTRQRY-NH2,12840.0,True,Glycosylation,proteinase K,Medium
IKPEAPGEDASPEELS(ΒDGLC)RYYASLRHYLNLVTRQRY-NH2,11280.0,True,Glycosylation,trypsin,Medium
IKPEAPGEDASPEELS(ΒDGLC)RYYASLRHYLNLVTRQRY-NH2,12360.0,True,Glycosylation,proteinase K,Medium
IKPEAPGEDASPEELNRYYS(ΒDGLC)SLRHYLNLVTRQRY-NH2,10080.0,True,Glycosylation,trypsin,Medium
IKPEAPGEDASPEELNRYYS(ΒDGLC)SLRHYLNLVTRQRY-NH2,9060.0,True,Glycosylation,proteinase K,Medium
IKPEAPGEDASPEELNRYYAS(ΒDGLC)LRHYLNLVTRQRY-NH2,10560.0,True,Glycosylation,trypsin,Medium
IKPEAPGEDASPEELNRYYAS(ΒDGLC)LRHYLNLVTRQRY-NH2,16260.0,True,Glycosylation,proteinase K,Medium
IKPEAPGEDASPEELNRY(ΒDGLC)YASLRHYLNLVTRQRY-NH2,16140.0,True,Glycosylation,trypsin,Medium
IKPEAPGEDASPEELNRY(ΒDGLC)YASLRHYLNLVTRQRY-NH2,13860.0,True,Glycosylation,proteinase K,Medium
IKPEAPS(ΒDGAL) EDASPEELNRYYASLRHYLNLVTRQRY-NH2,13020.0,True,Glycosylation,trypsin,Medium
IKPEAPS(ΒDGAL) EDASPEELNRYYASLRHYLNLVTRQRY-NH2,10260.0,True,Glycosylation,proteinase K,Medium
IKPEAPSEDAS(ΒDGAL) PEELNRYYASLRHYLNLVTRQRY-NH2,9240.0,True,Glycosylation,trypsin,Medium
IKPEAPSEDAS(ΒDGAL) PEELNRYYASLRHYLNLVTRQRY-NH2,12000.0,True,Glycosylation,proteinase K,Medium
IKPEAPSEDASPEELNRYYAS(ΒDGAL) LRHYLNLVTRQRY-NH2,9000.0,True,Glycosylation,proteinase K,Medium
IKPEAPSEDASPEELNRY(ΒDGAL) YASLRHYLNLVTRQRY-NH2,11820.0,True,Glycosylation,trypsin,Medium
IKPEAPSEDASPEELNRY(ΒDGAL) YASLRHYLNLVTRQRY-NH2,11280.0,True,Glycosylation,Proteinase K,Medium
LAEAKGCSAKTAKP,60.0,True,Amino acid substitution ,trypsin,Low
ACYL-SCKNTDSRCKARQLELNERTCRCDKPRR,300.0,True,Acylation,human plasma,Low
WMEWDREINN(GLC)YTSLIHSLIEESQNQQEKNEQELL-NH2,14400.0,True,Glycosylation,trypsin,Medium
MITWYEFVAGTK,60.0,True,Cyclization,proteinase K,Low
MITWYEFVAGTK,180.0,True,Cyclization,mouse serum,Low
VDNKFNKEXCNXRAIEAALDPNLNDQQFHAKIWXIIUDCG-NH2,4080.0,True,α/β peptide,proteinase K,Low
KRIVQRIKDFLR,300.0,True,Amino acid substitution,human serum,Low
KRIVQAIKDFLR,120.0,True,Amino acid substitution,human serum,Low
KRIVQKIKDFLR,90.0,True,Amino acid substitution,human serum,Low
KRIVQRIKDFLA,90.0,True,Amino acid substitution,human serum,Low
KRIVQRIKDFLK,90.0,True,Amino acid substitution,human serum,Low
YPFP-NH2,1590.0,True,Unnatural amino acid,human serum,Low
YPFCAMP-NH2,900.0,True,Unnatural amino acid,human serum,Low
YCAAMPFP-NH2,822.0,True,Unnatural amino acid,human serum,Low
YCAMPFCAMP-NH2,1050.0,True,Unnatural amino acid,human serum,Low
HSDAVFTDNYT(ΒGAL)RLRK-QMAVKKYLNSILN,2700.0,True,Glycosylation,trypsin,Low
AC-YKK(KP)(AHX)ARHYINLITRQRY,10800.0,True,Unnatural amino acid,human serum,Medium
AC-K(KP)KKPYIL,10800.0,True,Unnatural amino acid,human serum,Medium
R(ME)KKYKYRDRK-NH2,32400.0,True,D-amino acid/Methylation,human plasma,High
R(ME)KKYKYRRKPGP-OH,21600.0,True,Methylation,human plasma,High
R(NO2)KKYKYRRK-NH2,7200.0,True,Nitro group,human plasma,Low
R(CH2NH)KKYKYRDRK-NH2,32400.0,True,Pseudopeptide bond,human plasma,High
R(CH2NH)KKYKYRRKPGP-OH,21600.0,True,Pseudopeptide bond,human plasma,High
C[RKKYKYRRK],43200.0,True,Cyclization,human plasma,High
GDGDMDADLDKDLDLDKDKDVDL-NH2,86400.0,True,D-amino acid,human serum,High
GDFGMALKLLKKVL-NH2,86400.0,True,D-amino acid,human serum,High
GFDKMALKLLKKVL-NH2,3600.0,True,D-amino acid/Amino acid substitution,human serum,Low
GFGMALOLLOOVL-NH2,21600.0,True,Amino acid substitution,human serum,High
DAFGMALKLLKKVL-NH2,86400.0,True,D-amino acid/Amino acid substitution,human serum,High
DAFKMALKLLKKVL-NH2,86400.0,True,D-amino acid/Amino acid substitution,human serum,High
DADFKMALKLLKKVL-NH2,28800.0,True,D-amino acid/Amino acid substitution,human serum,High
C[BLGTYTQDFNXFHTFPQTAIGVGAP],46440.0,True,Cyclization,pepsin,High
C[BLGTYTQDFNXFHTFPQTAIGVGAP],19860.0,True,Cyclization,human serum,High
"H-KKWB2,2WKK-NH2",86400.0,True,Unnatural amino acid,trypsin,High
AC-VPKGWRFHEMSYS-NH2,172800.0,True,Retro-peptide,mouse,High
TTP3-YRFK-NH2,2760.0,True,Amino acid substitution,trypsin,Low
YDRFK-NH2,52740.0,True,D-amino acid,trypsin,High
PEG-LVPRLVPR HBEGTFTSDVSSYLEGQAAKEFIAWLVKBRNH2,45360.0,True,PEGylation,mouse serum,High
PEG-LVPR- HBEGTFTSDVSSYLEGQAAKEFIAWLVKBRNH2,288000.0,True,PEGylation,mouse serum,High
PEG-LDPR- HBEGTFTSDVSSYLEGQAAKEFIAWLVKBRNH2,275040.0,True,PEGylation,mouse serum,High
PEG-LVPRLVPR-KCNTATCATQRLANFLVHSSNNFGAILSSTNVGSNTY-NH₂,26640.0,True,PEGylation,mouse serum,High
PEG-LVPR- KCNTATCATQRLANFLVHSSNNFGAILSSTNVGSNTY-NH₂,42480.0,True,PEGylation,mouse serum,High
PEG-LDPR- KCNTATCATQRLANFLVHSSNNFGAILSSTNVGSNTY-NH₂,38160.0,True,PEGylation,mouse serum,High
PEG-LVPRLVPR KCNTATCATQRLANFLVHSSNNFGPILPPTNVGSNTY-NH2,18000.0,True,PEGylation,mouse serum,Medium
PEG-LVPR- KCNTATCATQRLANFLVHSSNNFGPILPPTNVGSNTY-NH2,23760.0,True,PEGylation,mouse serum,High
PEG-LDPR- KCNTATCATQRLANFLVHSSNNFGPILPPTNVGSNTY-NH2,32400.0,True,PEGylation,mouse serum,High
C16H31O-KKLFKKILKYL-NH2,7200.0,True,Lipidation,rat plasma,Low
C16H31O-GGKKLFKKILKYL-NH2,7200.0,True,Lipidation,rat plasma,Low
SLRRSSCFGGRMDRIGAQSGLGCNSFRYRITAREDKQGWA,270.0,True,frameshit,human serum,Low
GLU-YPFF-NH2,3438.0,True,Glycosylation,human plasma,Low
C[MCMPCFTTDHQMARKCDDCCGGKGRGKCYGPQCLCRGAGAAGG],39600.0,True,Cyclization,mouse,High
ACETYL-CIS1W2P3A4R5CIIL6H7Q8D9L10CIII,86400.0,True,Amino acid substitution,human vitreous,High
ACETYL-CIS1W2P3A4R5CIIL6H7Q8D9L10CIII,86400.0,True,Amino acid substitution,mouse plasma,High
ACETYL-CIS1W2P3A4R5CIIL6H7Q8D9L10CIII,86400.0,True,Amino acid substitution,rat plasma,High
ACETYL-CIS1W2P3A4R5CIIL6H7Q8D9L10CIII,86400.0,True,Amino acid substitution,human plasma,High
ACETYL-CIS1W2P3A4R5CIIL6H7Q8D9L10CIII,172800.0,True,Amino acid substitution,rat,High
ACETYL-CIS1F2AZE3Y4R5CIIALA(ME)6H7Q8D9L10CIII,86400.0,True,Amino acid substitution/Methylation,human vitreous,High
ACETYL-CIS1F2AZE3Y4R5CIIALA(ME)6H7Q8D9L10CIII,5400.0,True,Amino acid substitution/Methylation,mouse plasma,Low
ACETYL-CIS1F2AZE3Y4R5CIIALA(ME)6H7Q8D9L10CIII,10080.0,True,Amino acid substitution/Methylation,rat plasma,Medium
ACETYL-CIS1F2AZE3Y4R5CIIALA(ME)6H7Q8D9L10CIII,25200.0,True,Amino acid substitution/Methylation,human plasma,High
C[XRPRX]CSHKGPNLEPF,2880.0,True,Cyclization/Unnatural amino acid,human serum,Low
PYRC[RXPRLX]CHKGPNLEPF,7920.000000000001,True,Cyclization/Unnatural amino acid,human serum,Medium
PYRRC[XRLSX]CKGPNLEPF,14040.0,True,Cyclization/Unnatural amino acid,human serum,Medium
PYRRPC[RXLSHX]CGPNLEPF,27720.0,True,Cyclization/Unnatural amino acid,human serum,High
PYRRPRLSC[XKGPX]CPF,23760.0,True,Cyclization,human serum,High
PYRRPRLSHC[XGPNLEX]CF,16560.0,True,Cyclization/Unnatural amino acid,human serum,Medium
PYRRPRLSHKC[XPNLEPX]C,30960.0,True,Cyclization/Unnatural amino acid,human serum,High
