sequence,modifications,is_modified,half-life
Ac-GFGCNGPWNEDDLRCHNHCKSIKGYKGGYCAKGGFVCKCY-NH2,N.A.,False,3600.0
Ac-WEEWDREINNYTKLIHELIEESQNQQEKNEQELL-NH2,N.A.,False,6012.0
Ac-DHYNCVSSGGQCLYSACPIFTKIQGTCYRGKAKCCK-NH2,N.A.,False,
Ac-GIINTLQKYYCRVRGGRCAVLSCLPKEEQIGKCSTRGRKCCRRKK-NH2,N.A.,False,14400.0
Ac-IWIAQELRRIGDEFNAYYARR-NH2,N.A.,False,3899.9999999999995
Ac-IWIAQELRXIGDXFNAYYARR-NH2,N.A.,False,3120.0
Ac-FMHNLWKHLSSMERVEWLRKKLQDVHNF-NH2,N.A.,False,24.0
Ac-GTCRTFGCTCKPLRCKAPRMVRCGETCMG-NH2,N.A.,False,
ILKKLLKKVKK-NH2,N.A.,False,
Ac-NSGLSFEELYRNAYTMVLHL-NH2,N.A.,False,25200.0
KIKIPWGKVKDFLVGGMKAV-NH2,N.A.,False,54000.0
CENTISGCSRADCLLYHRKQGCQKTCGLC,N.A.,False,10800.0
CENTISGCSRADCLLTHRKYGCQKTCGLC,N.A.,False,57600.0
CENTISGCSRADCLLTHRKQGCQKTCGYC,N.A.,False,7200.0
Ac-y-e9-x-PLGLAG-r9-x-k-(DOTA)-NH2,N.A.,False,1584.0
VEPNCDIHVIleWEWECFERL-NH2,N.A.,False,96.0
Ac-AAQLRRIGDKVNLRQKLLN,N.A.,False,245.99999999999997
Ac-AAc’LRAIGDC’VNLAQALLN,N.A.,False,2130.0
YGRKRRQRR,N.A.,False,
REAGDEE,N.A.,False,
MDYKDDDDKGSGSTLDDMEEMDGLSDT,N.A.,False,21600.0
CF-KPVSLSYRCPCRFFESHVARANVKHLKILNTPNCALQIVARLKNNNRQVCIDPKLKWIQEYLEKALNK-OH,N.A.,False,144.0
N.A.,N.A.,False,
LGTYTQDFNKFHTFPQTAIGVGAP-NH2,N.A.,False,
(VRLPPP)3,N.A.,False,55440.0
HAPLEPVYPGDNATPEQMAQYAADLRRYINMLTRPRY-TAMRA,N.A.,False,88920.0
HAPLEPVYPGDNATPEQMAQYAADLRRYINMLTRPRY-NH2,N.A.,False,489600.0
Ac-LLLLRVKR-NH2,N.A.,False,18000.0
Ac-lLLLRVKR-NH2,N.A.,False,32400.0
GNVWKWEQ,N.A.,False,
GLLCYCRKGHCKRGERVRGTCGIRFLYCCPRR,N.A.,False,
GLLAYARKGHAKRGERVRGTAGIRFLYAAPRR,N.A.,False,
CYCRKGHCKRGERVRGTCGIRFLYCCPRRGLL,N.A.,False,
ATCYCRTGRCATRESLSGVCEISGRLYRLCCR,N.A.,False,
ATSYCRTGRCATRESLSGVCEISGRLYRLCSR,N.A.,False,
ATAYCRTGRCATRESÇSGVCEISGRLYRLCAR,N.A.,False,
LLGDFFRKSKEKIGKEFKRIVQRIKDFLRNLVPRTES,N.A.,False,
pEHWSYGLEPG-NH2,N.A.,False,
GluRPRLSHKGPMPF,N.A.,False,846.0
GGLRSLGRKILRAWLLYGPIIVPIIRIG,N.A.,False,
CGMKRTRGC,N.A.,False,14400.0
CPKILKKCRRDSDCPGACICRGNGYCGSGSDGGV,N.A.,False,
GVCRCVCRRGVCRCVCRR,N.A.,False,
CGNKRTRGCRCVCRGDSCR,N.A.,False,
KWVRWIKQVONG,N.A.,False,420.0
RWVKVpGOFIKQ,N.A.,False,18000.0
RWVKVNGOWIKQ,N.A.,False,11880.0
RWVKVpGOWIKQ,N.A.,False,18000.0
RWVWVNGOKILQ,N.A.,False,7020.0
VSADPSRVNAYKSADSRVNST,N.A.,False,480.0
RPRNIeYDapNIle-OH,N.A.,False,
GGFSFRF-NH2,N.A.,False,671.9999999999999
G(me)GFSFRF-NH2,N.A.,False,3173.9999999999995
GG(me)FSFRF-NH2,N.A.,False,1686.0000000000002
IKPEAPGEDASPEELNRYYASLRHYLNLVTRQRY-NH2,N.A.,False,13980.0
RRRRRRRR-OH,N.A.,False,
LAEAKGVSAKTALP,N.A.,False,1380.0
SCKNTDSRCKARQLELNERTCRCDKPRR,N.A.,False,
WMEWDREINNYTSLIHSLIEESQNQQEKNEQELL-NH2,N.A.,False,
CQGTSNKLTQLGTFEDHFLSLQRMFNNC,N.A.,False,5340.0
MFYAYEYAQWSK,N.A.,False,1260.0
MITWYEFVAGTK,N.A.,False,18.0
VDNKFNKEQCNARAIEAALDPNLNDQQFHAKIWSIIDDC-NH2,N.A.,False,14.4
YPFF-NH2,N.A.,False,360.0
RPPGLPVRSFSPLR-NH2,N.A.,False,
RPGLPVRFESPL-NH2,N.A.,False,
βAGLRKRLRKFRNKIEK-NH2,N.A.,False,30600.0
βAGLRK[β(A)2-NIA]RLRKFRNK[β(A)2-NIA]IEK-NH2,N.A.,False,39960.0
HSDAVFTDNYTRLRK-QMAVKKYLNSILN,N.A.,False,1800.0
Ac-YKKK(Ahx)ARHYINLITRQRY,N.A.,False,3600.0
Ac-(Ahx)ARHYINLITRQRY,N.A.,False,3600.0
Ac-KKKKPYIL,N.A.,False,7200.0
RRPYIL,N.A.,False,0.0
RKKYKYRRK-NH2,N.A.,False,2700.0
GFGMALKLLKKVL-NH2,N.A.,False,57600.0
TRSSRAGLQFPVGRVHRLLRK,N.A.,False,300.0
RWCVYARVRGVRYRRCW,N.A.,False,14400.0
RWCVYACVRGVCYRRCW,N.A.,False,86400.0
GRKKRRQRRRPWQ-NH2,N.A.,False,120.0
(GRKKRRQRRRPWQC-NH2)2,N.A.,False,120.0
(GRKKRRQRRRPWQ)2-K-NH2,N.A.,False,120.0
BLGTYTQDFNXFHTFPQTAIGVGAP,N.A.,False,9360.0
KVTAMTCFLL‐NH2,N.A.,False,
Ac-HARIKpTFRRlKWKYKGKFW,N.A.,False,28800.0
GLLKRIKTLL-NH2,N.A.,False,
Ac-SYSMEHFRWGKPV-NH2,N.A.,False,
QGLNpYNleDL-NH2,N.A.,False,1200.0
YRFK-NH2,N.A.,False,22200.0
HKQLPFFEED,N.A.,False,
NH2-YGRKARRRRRR-COOH,N.A.,False,
GGVPKILKKRRDSDPGARGNGYGSGSD,N.A.,False,
GGVPRILRRRRDSDPGAKGNGYGSGSD,N.A.,False,
GGVYGRRARRRRRDSDPGAKGNGYGSGSD,N.A.,False,
ATWLPPR,N.A.,False,
GGKVKVKVKVDPPTKVKVKVK-NH2,N.A.,False,
VNWKKILGKIIKVVK-NH2,N.A.,False,
GFSILKKVLPKVXAHXK-NH2,N.A.,False,
Dh-β-AHTVEK-NH2,N.A.,False,
pGHWSYGLRPG-VKRFKKFFRKLKKSV-NH2,N.A.,False,1800.0
QHWSWGLRPG-VKRFKKFFRKLKKSV-NH2,N.A.,False,1800.0
pGHWSYwLRPG-VKRFKKFFRKLKKSV-NH2,N.A.,False,5400.0
KKLFKKILKYL-NH2,N.A.,False,1200.0
NH2-DKPKKKPPPPAGPPPPPPPPPGPPPPGP-28,N.A.,False,
GR[CTQAWPPIC]FPD,N.A.,False,
[CTQAWPPIC]FPDGR,N.A.,False,
QAW,N.A.,False,
SLRRSSCFGGRMDRIGAQSGLGCNSFRY,N.A.,False,156.0
YPWF-NH2,N.A.,False,162.00000000000003
MCMPCFTTDHQMARKCDDCCGGKGRGKCYGPQCLCR,N.A.,False,
HGEGYFYSDLSKQMEEEAVRLFIEWLKNGGGKCNTATCVLGRLSQELHRLQTYPRTNTGSNTY,N.A.,False,2460.0
KRFKKFFKKVKKSVKKRLKKIFKKPMVIGVTIPF,N.A.,False,4260.0
KRFKKFFKKVKKSV,N.A.,False,1260.0
KKRLKKIFKKPMVIGVTIPF,N.A.,False,46200.0
"YDAGFMPLWNH(3,5-Bzl(CF3)2)",N.A.,False,
"YDAGFNIePLWNH(3,5-Bzl(CF3)2)",N.A.,False,
(c(KRDGe)MDDPGRNPH,N.A.,False,
ACi NTWNPWCiiPWDAPLCiiiA,N.A.,False,86400.0
FFFF,N.A.,False,
c-KEEKDINNNVKKT-NH2,N.A.,False,
H-RA[CRFFC]-COOH,N.A.,False,
WXEAAYQRFL,N.A.,False,
CF-APLEPVYPGDNATPEQMAQYAADLRRYINMLTRPRY-NH2,N.A.,False,180000.0
CF-APLEPVYPGDNAKPEQMAQYAADLRRYINMLTRQRY-NH2,N.A.,False,180000.0
Ac-WEEWDREINNYTK(Alb)LIHELIEESQNQQEKNEQELL-NH2,Albumin,True,92880.0
(PEG)2-KWKLFKKIFKRIVQRIKDFLR-NH2,PEGylation,True,3600.0
DabTDabDabDabLLDabDabT,Cyclization,True,5760.0
Ac-YLKGCWTKSIPPKPCFSR-NH2,Cyclization,True,
Ac-GRCTKSIPPICFPD-NH2,Cyclization,True,
Ac-KLKLKLKLKLKLKLKLKKLKKLKKLKKLKKLKKLKKL-NH2,Branched,True,64800.0
DapLWKNR,Cyclization,True,
Ac-FMHNLWKWLSSMERVEWLRKKLQDVHNF-NH2,α to β replacement,True,5400.0
Ac-GTCNTPGCTCSWPVCIDGGRLMCGETCVG-NH2,Cyclization,True,
PRYTIAALLSPTSTSQSLVVTP,Cyclization,True,
Ac-YGGF-Hic-NH2,Hydroxy isocaproic acid,True,198.0
Ac-YGGFL-NH2,Methylation,True,641.9999999999999
MITWIDFISPSK,Cyclization,True,156.0
MTWFEYLSGSK,Cyclization,True,5400.0
MTWFEFLSSTSK,Cyclization,True,5400.0
Ac-NSGLSFEES5YRNS5YTMVLHK-NH2,Unnatural amino acid,True,79200.0
Ac-NSGLSFES5LYRS5AYTMVLHK-NH2,Unnatural amino acid,True,79200.0
Ac-NSGLS5FEES5YRNAYTMVLHK-NH2,Unnatural amino acid,True,25200.0
KKLKLFKKLQ,Cyclization,True,
KLKKKFKKLQ,Cyclization,True,
HYNIC-DDWAVGHDF-NHMe,Methylation,True,600.0
HYNIC-DDWAVGHDY-NHMe,Methylation,True,900.0
LLLLPY,Cyclization/Methylation,True,21600.0
LL(me)LLPY,Cyclization/Methylation,True,21600.0
Ac-[CMPRLRGC]c-NH2,Cyclization,True,4176.0
Ac-[cMPRLRGC]c-NH2,Cyclization,True,10908.0
Ac-[D-“Pen”M“Thz”RLRGC]c-NH2,Cyclization/D-amino acid/Propionylation,True,6804.0
Pr-[cM“Thz”RLRG“Pen”]c-NH2,Cyclization/Propionylation,True,15371.999999999998
Pr-[cM“Thz”RLR“Sar”“Pen”]c-NH2,Cyclization/Propionylation,True,15659.999999999998
Pr-[cM“Pip”RLR“Sar”C]c-NH2,Cyclization/Propionylation,True,23976.0
Pr-[cM“Pip”RLRG“Pen”]c-NH2,Cyclization/Propionylation,True,14508.0
Pr-[cM“Pip”RLR“Sar”“Pen”]c-NH2,Cyclization/Propionylation,True,36000.0
Ac-HPCDYPEWQWLCELG-PEG4-K-NH2,PEGylation/Lipidation,True,11880.0
βAβAKLVFF-PEG,PEGylation,True,
FDF,D-amino acid,True,
DFF,D-amino acid,True,
FF-Glycoside,Glycosylation,True,
FRGDDF,D-amino acid,True,
FRGD-Glucosamine,Glycosylation,True,
VβEPβNCDIHVIleWβEWECFERβL-NH2,β-peptide,True,1440.0
βVEβPNCDIHVIleβWEWβECFERβL-NH2,β-peptide,True,18000.0
Moc-AmAmc’LRAIGDC’VNLAQALLN,Methylation,True,1782.0
H2N-ITFCDLLCYYGKKK-CONH2,Stapled,True,
RRRRR5RRRRRRS8,Stapled,True,186.0
S5RRRB5RRRRRRS8,Stitched,True,3840.0
KCNTATCATQRLANFLVHSSNNFGAILSSTNVGSNTY-NH2,β-sheets,True,
Polymer-YGRKRRQRR,Polymer,True,
Nanoparticle-YGRKRRQRR,Nanoparticle,True,
REXGDGXE,Cyclization,True,
MDYKDDDDKGSGSTLDD(O2beY)EEMDGCSDT,Cyclization,True,21600.0
MDYKDDDDKGSGSTLDW(O2beY)EEMDMCTDT,Cyclization,True,21600.0
MDYKDDDDKGSGSTLSW(O2beY)EAMDMCTDT,Cyclization,True,21600.0
GRKKRRQRRRPQDTC(Acm)RQTFRSH,Unnatural amino acid,True,
GRKKRRQRRRPQ D52THFRTFRSHSDYRRI67,Unnatural amino acid,True,
CAQKGEYCSVYLQCCDPYHCTQPVIGGICA,PseudoCyclization,True,
CF-KPVSLSYRCPCRFFESHVARANVKHLKILNTPNCALQIVARLKNNNRQVCIDPKLKWIQEYLEKALNK-FA,Lipidation,True,954.0
YPSK(X-Y)PDFPGEDAPAEDLARYYSALRHYINLITRPRY,X-amide,True,111600.0
TDVVTNA-(12-ADA),Lipidation,True,
Dap-DVVDTDNDA-(12-GDA),Lipidation,True,
LF(Me)PLA(Me)LF(Me)PLA(Me),Cyclization/Methylation,True,153360.0
LT(Me)PLA(Me)LT(Me)PLA(Me),Cyclization/Methylation,True,6840.0
LPyrA(Me)PLA(Me)LPyrA(Me)PLA(Me),Cyclization/Methylation,True,8640.0
LPyrAPLA(Me)LPyrAPLA(Me),Cyclization/Methylation,True,4680.0
LY(Me)PLA(Me)LY(Me)PLA(Me),Cyclization/Methylation,True,14400.0
LF(Me)PLA(Me)LPyrAPLA(Me),Cyclization/Methylation,True,21960.0
LF(Me)PLA(Me)LT(Me)PLA(Me),Cyclization/Methylation,True,16200.0
LF(Me)PLG(Me)LF(Me)PLG(Me),Cyclization/Methylation,True,20880.0
LF(Me)PGL(Me)LF(Me)PGL(Me),Cyclization/Methylation,True,17280.0
LF(Me)PLA(Me)LF(Me)PGL(Me),Cyclization/Methylation,True,15480.0
LF(Me)PLA(Me)LF(Me)PLD(Me),Cyclization/Methylation,True,9000.0
LF(Me)PLA(Me)LF(Me)PLK(Me),Cyclization/Methylation,True,21960.0
LF(Me)PLA(Me)LF(Me)PLT(Me),Cyclization/Methylation,True,99360.0
LGTYTQDFNK(PKKKRKVEDPGVGFAPKKKRKVEDPGVGFA)FHTFPQTAIGVGAP-NH2,Branched,True,
(KKRKAPKKKRKFA)KFHTFPQTAIGVGAP-NH2,Branched,True,
D(VRLPPP)3,D-amino acid,True,
GluRPRLSHKGPNlePF,Unnatural amino acid,True,
GluRPRLSHKGPNlePDip,Unnatural amino acid,True,
GluRPRLSHKGPNlePBip,Unnatural amino acid,True,
GluRPRLSHKGPNleP1Nal,Unnatural amino acid,True,
GluRPRLSHKGPNleP2Nal,Unnatural amino acid,True,
GluRPRLSHKGPNlePCha,Unnatural amino acid,True,
GluRPRLSHKGPNlePW,Unnatural amino acid,True,
GluRPRLSHKGPNleP(4-bromo)F,Unnatural amino acid,True,
"GluRPRLSHKGPNleP(2,4,5-trifluoro)F",Unnatural amino acid,True,
GluRPRLSHKGPNleP(4-nitro)F,Unnatural amino acid,True,
HAPLEPVYPGDNATPEQMAQYAADLRRYINMLTRPRY- TAMRA,Lipidation,True,1571760.0
Ac-[PEG8]LLLLRVKR-NH2,PEGylation,True,14400.0
Ac-[C8]LLLLRVKR-NH2,Lipidation,True,18000.0
Ac-[PEG8]lLLLRVKR-NH2,PEGylation,True,32400.0
Ac-[C8]lLLLRVKR-NH2,Lipidation,True,14400.0
Ac-LLLLRVK[Amba],Unnatural amino acid,True,43200.0
Ac-[PEG8]LLLLRVK[Amba],PEGylation,True,36000.0
Ac-lLLLRVK[Amba],Lipidation,True,64800.0
Ac-[C8]lLLLRVK[Amba],Lipidation/Unnatural amino acid,True,36000.0
CVWLWEQC,Cyclization,True,
DapVWLWEQ,Cyclization,True,
Ac-GΔFmRKΔFmHKΔFmWA-NH2,Unnatural amino acid,True,
Ac-GFmRKFmHKFmWA-NH2,Unnatural amino acid,True,
Ac-GUmRKUmHKUmWA-NH2,Unnatural amino acid,True,
GLPSCNNSCQSHSDCASHCICTFRGCGAVN,Cyclization,True,
SCNNSCQSHSDCASHCICTFRGCGAVN,Linear,True,
GLPSCGGSCFGGCWOGCSCYARTCFRD,Cyclization,True,
SCGGSCFGGCWOGCSCYARTCFRD ,linear,True,
GCCSDPRCNYDHPEICGKGKGK,Cyclization,True,
GCCSDPRCNYDHPEICGVGVGV,Cyclization,True,
GCCSDPRCNYDHPEICGEGEGE,Cyclization,True,
ISQVNEKINWSLAFIRKSDE,NMEGylation,True,
NMEG1-G-ISQVNEKINWSLAFIRKSDE,NMEGylation,True,
NMEG3-ISQVNEKINWSLAFIRKSDE,NMEGylation,True,
ISQVNEKINWSLAFIRKSDE-NMEG,NMEGylation,True,
NMEG1-ISQVNEKINWSLAFIRKSDENMEG1,NMEGylation,True,
pEHWS(Me)YDKG(tBu)LRP-NHEt,D-amino acid/Methylation,True,
pEHWS(Me)YDK(Sar)LRP-NHEt,D-amino acid/Methylation/Unnatural amino acid,True,
pEHWS(Me)YDELRP-NHEt,D-amino acid/Methylation,True,
DNIPNvaLYDSFADS-NH2,D-amino acid,True,
DSNIPNvaLYDSFADYDH-NH2,D-amino acid,True,
DSNIPPLYHypFAYDH-NH2,D-amino acid,True,
DHDSNIPNvaLYDSFAYDHMeW-NH2,D-amino acid,True,
MCMPCFTTDHQMARRCDDCCGGRGRGKCYGPQCLCR,Disulfide-bond,True,
MCMPCFTTDHQMARRCDDCCGGRGRGKCWGPQCLCR,Disulfide-bond,True,
GluRPRFSHKGPNlePF,Unnatural amino acid,True,996.0
GluRPRChaSHKGPNlePF,Unnatural amino acid,True,1338.0000000000002
GluRPRKSHKGPNlePF,Unnatural amino acid,True,546.0
GluRPRESHKGPNlePF,Unnatural amino acid,True,2100.0
GluRPRDLSHKGPMPF,D-amino acid,True,3120.0
GluRPRLDSHKGPMPF,D-amino acid,True,2700.0
GluRPRLSHKGPNlePY(OBn),Unnatural amino acid,True,3960.0000000000005
GluRPRLSHKGPNleP(L-a-Me)F,Unnatural amino acid,True,7200.0
GluRPRLSHKGPNlePBpa,Unnatural amino acid,True,3300.0
GluRPRLSHKGPNlePF(4-Me),Methylation,True,2580.0
GluRPRLSHKGPMPDF,D-amino acid,True,780.0
GGDLDRDSDLDGDRDKDIDLDRDVDADWDLDLDYDGDPDIDIDVDPDIDIDRIG,D-amino acid,True,
GDIDRDIDIDPDVDIDIDPDGDYDLDLDWDADVDRDLDIDKDRDGDLDSDRLGG,Retro/D-amino acid,True,
c[CGNKRTRGC]RGDS,Cyclization,True,86400.0
CPKILKKCRRDSDCPGACICRGNGYCGNKRTRG,Cyclization,True,
CPKILKKCGNKRTRGCPGACICRGNGYCGSGSDGGV,Cyclization,True,
CGNKRTRGCRRDSDCPGACICRGNGYCGSGSDGGV,Cyclization,True,
GVCRCVCRGDSCRCVCRR,Cyclization,True,
GVCKCVCRRGVCRCVCRR,Cyclization,True,
CGNKRTRGCRCVCRRGVCRCV,Cyclization,True,
CGNKRTRGCRCVCRGDSCRCV,Cyclization,True,
CGNKRTRGCRCVCRRGDSCRCV,Cyclization,True,86400.0
DOTA-DFc[YDWLTC]T,Monomer/D-amino acid,True,
VSADPSAVNAYKSADSRVNST,Amino acid substitution,True,210.0
VSADPSRANAYKSADSRVNST,Amino acid substitution,True,960.0
VSADPSRVAAYKSADSRVNST,Amino acid substitution,True,462.0
VSADPSRVNAAKSADSRVNST,Amino acid substitution,True,432000.0
VSADPSRVNAYASADSRVNST,Amino acid substitution,True,300.0
VSADPSRVNAYKAADSRVNST,Amino acid substitution,True,540.0
VSADPSDRVNAYKSADSRVNST,D-amino acid,True,600.0
VSADPSRDVNAYKSADSRVNST,D-amino acid,True,32400.0
VSADPSRVDNAYKSADSRVNST,D-amino acid,True,13680.0
VSADPSRVNDAYKSADSRVNST,D-amino acid,True,432000.0
VSADPSRVNADYKSADSRVNST,D-amino acid,True,154800.0
VSADPSRVNAYDKSADSRVNST,D-amino acid,True,8280.0
VSADPSRVNAYKDSADSRVNST,D-amino acid,True,6480.0
VSADPSRVNAYKSDADSRVNST,D-amino acid,True,636.0
VSADPSR(me)VNAYKSADSRVNST,Methylation,True,600.0
VSADPSRV(me)NAYKSADSRVNST,Methylation,True,1440.0
VSADPSRVN(me)AYKSADSRVNST,Methylation,True,2280.0
VSADPSRVNA(me)YKSADSRVNST,Methylation,True,504.00000000000006
VSADPSRVNAY(me)KSADSRVNST,Methylation,True,432000.0
VSADPSRVNAYK(me)SADSRVNST,Methylation,True,43200.0
VSADPSRVNAYKS(me)ADSRVNST,Methylation,True,5760.0
VSADPSRVNAYKSA(me)DSRVNST,Methylation,True,600.0
VSADPSβRVNAYKSADSRVNST,α-helix,True,402.0
RPAzaGRNIeYDapNIle-NH2,Amino acid substitution,True,
RAzaGPRNIeYDapNIle-NH2,Amino acid substitution,True,
AzaGRPRNIeYDapNIle-NH2,Amino acid substitution,True,
S(βDGlc) KPEAPGEDASPEELNRYYASLRHYLNLVTRQRY-NH2,Glycosylation,True,10560.0
IKPEAPGEDAS(βDGlc)PEELNRYYASLRHYLNLVTRQRY-NH2,Glycosylation,True,9180.0
IKPEAPGEDASPEELS(βDGlc)RYYASLRHYLNLVTRQRY-NH2,Glycosylation,True,11280.0
IKPEAPGEDASPEELNRYYS(βDGlc)SLRHYLNLVTRQRY-NH2,Glycosylation,True,10080.0
IKPEAPGEDASPEELNRYYAS(βDGlc)LRHYLNLVTRQRY-NH2,Glycosylation,True,10560.0
IKPEAPGEDASPEELNRY(βDGlc)YASLRHYLNLVTRQRY-NH2,Glycosylation,True,16140.0
IKPEAPS(βDGal) EDASPEELNRYYASLRHYLNLVTRQRY-NH2,Glycosylation,True,13020.0
IKPEAPSEDAS(βDGal) PEELNRYYASLRHYLNLVTRQRY-NH2,Glycosylation,True,9240.0
IKPEAPSEDASPEELNRYYAS(βDGal) LRHYLNLVTRQRY-NH2,Glycosylation,True,9000.0
IKPEAPSEDASPEELNRY(βDGal) YASLRHYLNLVTRQRY-NH2,Glycosylation,True,11820.0
IKPEAPSEDASPEELNRYY(βDGal) ASLRHYLNLVTRQRY-NH2,Glycosylation,True,13500.0
L(perg)DL(perg)L(perg)LDL(perg)L(perg)LDL(perg)L(perg)LDL(perg)G,D-amino acid/perguanidinylation,True,
LAEAKGCSAKTAKP,Amino acid substitution ,True,60.0
Acyl-SCKNTDSRCKARQLELNERTCRCDKPRR,Acylation,True,
WMEWDREINN(Glc)YTSLIHSLIEESQNQQEKNEQELL-NH2,Glycosylation,True,14400.0
CTSc[XKLTQC]GTYEDHYLSLQRMp,Cyclization,True,
GTSc[XKLTQC]GTPEDHYLSLQRZp,Cyclization,True,
GrSc[XKLTQC]GTPEDHYLSLQRZp,Cyclization,True,
ACSRYEVDCRGRGSACG,Cyclization,True,
ACSRYEVDCRGRDASACG,D-amino acid,True,
ACSRYEVDCRGRDSSACG,D-amino acid,True,
ACSRYEVDCRGRDAbaSACG,D-amino acid,True,
VDNKFNKEXCNXRAIEAALDPNLNDQQFHAKIWXIIUDCG-NH2,α/β peptide,True,4080.0
KRIVQRIKDFLR,Amino acid substitution,True,300.0
KRIVQAIKDFLR,Amino acid substitution,True,120.0
KRIVQKIKDFLR,Amino acid substitution,True,90.0
KRIVQRIKDFLA,Amino acid substitution,True,90.0
KRIVQRIKDFLK,Amino acid substitution,True,90.0
YPFP-NH2,Unnatural amino acid,True,1590.0
YPFcAMP-NH2,Unnatural amino acid,True,900.0
YcAampFP-NH2,Unnatural amino acid,True,822.0
YcAmpFcAmp-NH2,Unnatural amino acid,True,1050.0
RLPSFSRVPLGPPR-NH2,Retro-peptide,True,
LPSEFRVPLGPR-NH2,Retro-peptide,True,
HSDAVFTDNYT(βGal)RLRK-QMAVKKYLNSILN,Glycosylation,True,2700.0
Ac-YKK(Kp)(Ahx)ARHYINLITRQRY,Unnatural amino acid,True,10800.0
Ac-K(Kp)KKPYIL,Unnatural amino acid,True,10800.0
R(me)KKYKYRDRK-NH2,D-amino acid/Methylation,True,32400.0
R(me)KKYKYRRKPGP-OH,Methylation,True,21600.0
R(NO2)KKYKYRRK-NH2,Nitro group,True,7200.0
R(CH2NH)KKYKYRDRK-NH2,Pseudopeptide bond,True,32400.0
R(CH2NH)KKYKYRRKPGP-OH,Pseudopeptide bond,True,21600.0
c[RKKYKYRRK],Cyclization,True,43200.0
GDGDMDADLDKDLDLDKDKDVDL-NH2,D-amino acid,True,86400.0
GDFGMALKLLKKVL-NH2,D-amino acid,True,86400.0
GFDKMALKLLKKVL-NH2,D-amino acid/Amino acid substitution,True,3600.0
GFGMALOLLOOVL-NH2,Amino acid substitution,True,21600.0
DAFGMALKLLKKVL-NH2,D-amino acid/Amino acid substitution,True,86400.0
DAFKMALKLLKKVL-NH2,D-amino acid/Amino acid substitution,True,86400.0
DADFKMALKLLKKVL-NH2,D-amino acid/Amino acid substitution,True,28800.0
C[BLGTYTQDFNXFHTFPQTAIGVGAP],Cyclization,True,46440.0
"H-KKWb2,2WKK-NH2",Unnatural amino acid,True,86400.0
D[GLLKRIKTLL-NH2],D-amino acid,True,
Ac-vpkGwrfhemsys-NH2,Retro-peptide,True,
QGLAbupYNleD(GAlloc)L,N-Alloc,True,
TTP3-YRFK-NH2,Amino acid substitution,True,2760.0
TPP6-YRFK-NH2,Amino acid substitution,True,4200.0
YDRFK-NH2,D-amino acid,True,52740.0
HKQLPFYEEN,β-sheets,True,
PEG-LVPRLVPR HbEGTFTSDVSSYLEGQAAKEFIAWLVKbRNH2,PEGylation,True,45360.0
PEG-LVPR- HbEGTFTSDVSSYLEGQAAKEFIAWLVKbRNH2,PEGylation,True,288000.0
PEG-LDPR- HbEGTFTSDVSSYLEGQAAKEFIAWLVKbRNH2,PEGylation,True,275040.0
PEG-LVPRLVPR-KCNTATCATQRLANFLVHSSNNFGAILSSTNVGSNTY-NH₂,PEGylation,True,26640.0
PEG-LVPR- KCNTATCATQRLANFLVHSSNNFGAILSSTNVGSNTY-NH₂,PEGylation,True,42480.0
PEG-LDPR- KCNTATCATQRLANFLVHSSNNFGAILSSTNVGSNTY-NH₂,PEGylation,True,38160.0
PEG-LVPRLVPR KCNTATCATQRLANFLVHSSNNFGPILPPTNVGSNTY-NH2,PEGylation,True,18000.0
PEG-LVPR- KCNTATCATQRLANFLVHSSNNFGPILPPTNVGSNTY-NH2,PEGylation,True,23760.0
PEG-LDPR- KCNTATCATQRLANFLVHSSNNFGPILPPTNVGSNTY-NH2,PEGylation,True,32400.0
IGF-GNQEQVSPL-PEG(3)-GPQGIAGQ-PEG(6)-A(N3),PEGylation,True,
DGDGDKDVDKDVDKDVDKDVPDPDTDKDVDKDVDKDVDK-NH2,D-amino acid,True,
VNWKK[SLGKS]IKVVK-NH2,Stapled,True,
VNWKKILGK[SIKVS]K-NH2,Stapled,True,
V[SWKKS]LGKIIKVVL-NH2,Stapled,True,
VN[SKKIS]GK[SIKVS]K-NH2,Stapled,True,
VN[RKKILGKS]IKVVK-NH2,Stapled,True,
VN[SKKIS]PK[SIKVS]K-NH2,Stapled,True,
GFLSILKKVLPK[SXAHS]K-NH2,Stapled,True,
GFLS[SLKKS]LPKVXAHXK-NH2,Stapled,True,
GFLS[SLKKS]LPK[SXAHS]K-NH2,Stapled,True,
GF[RSILKKVS]PKVXAHXK-NH2,Stapled,True,
GFLS[SLKKS]LGK[SXAHS]K-NH2,Stapled,True,
GFLS[SLKKS]LAK[SXAHS]K-NH2,Stapled,True,
Dh-β-AHTV(Me)EK-NH2,Methylation,True,
Dh-β-AHT(Me)VEK-NH2,Methylation,True,
Dh-β-AH(Me)TVEK-NH2,Methylation,True,
Dh-β-AHT(Me)V(Me)EK-NH2,Methylation,True,
Dh-β-AH(Me)T(Me)VEK-NH2,Methylation,True,
Dh-β-AH(Me)T(Me)V(Me)EK-NH2,Methylation,True,
C16H31O-KKLFKKILKYL-NH2,Lipidation,True,7200.0
C16H31O-GGKKLFKKILKYL-NH2,Lipidation,True,7200.0
c[GRC[TKSIPPIC]FPD],Cyclization,True,
c[GRCTQAWPPIC]FPD],Cyclization,True,
SLRRSSCFGGRMDRIGAQSGLGCNSFRYRITAREDKQGWA,frameshit,True,270.0
Glu-YPFF-NH2,Glycosylation,True,3438.0
c[MCMPCFTTDHQMARKCDDCCGGKGRGKCYGPQCLCRGAGAAGG],Cyclization,True,
L14-HGEGYFYSDLSKQMEEEAVRLFIEWLKNGGPSSGAPPPSGGGKCNTATCVLGRLSQELHRLQTYPRTNTGSNTY,Lipidation,True,3000.0
"YDAGFNlePS(Glc)W(NH(3,5-Bzl(CF3)2)",Glycosylation,True,
"YDAGFNlePLS(Glc)WNH(3,5-Bzl(CF3)2)",Glycosylation,True,
Acetyl-CiS1W2P3A4R5CiiL6H7Q8D9L10Ciii,Amino acid substitution,True,86400.0
Acetyl-CiS1F2Aze3Y4R5CiiaLA(Me)6H7Q8D9L10Ciii,Amino acid substitution/Methylation,True,86400.0
F(Me)F(Me)F(Me)F(Me),Methylation,True,
ChaF(Me)F(Me)F(Me),Methylation/Unnatural amino acid,True,
2NaIF(Me)F(Me)F(Me),Methylation/Unnatural amino acid,True,
Ac-c[CVDINNNC]-NH2,Cyclization,True,
c[XRPRX]cSHKGPNlePF,Cyclization/Unnatural amino acid,True,2880.0
Pyrc[RxPRLX]cHKGPNlePF,Cyclization/Unnatural amino acid,True,7920.000000000001
PyrRc[XRLSX]cKGPNlePF,Cyclization/Unnatural amino acid,True,14040.0
PyrRPc[RxLSHX]cGPNlePF,Cyclization/Unnatural amino acid,True,27720.0
PyrRPRLSc[XKGPX]cPF,Cyclization,True,23760.0
PyrRPRLSHc[XGPNleX]cF,Cyclization/Unnatural amino acid,True,16560.0
PyrRPRLSHKc[XPNlePX]c,Cyclization/Unnatural amino acid,True,30960.0
Ac-RA[DCR2NaI-HPen]-COOH,Unnatural amino acid,True,
WxEAAYQrFL,α-amino acid,True,
zXEaAYQkFL,β-amino acid,True,
zXEAaYQkFL,β-amino acid,True,
CF-APLEPVYPGDNAK(E-pam)PEQMAQYAADLRRYINMLTRQRY-NH2,Lipidation,True,
CF-APLEPVYPGDNAK(PEG2)PEQMAQYAADLRRYINMLTRQRY-NH2,PEGylation,True,
CF-APLEPVYPGDNAK(PE20)PEQMAQYAADLRRYINMLTRQRY-NH2,PEGylation,True,
